620703,0.99752
620705,1.00248
620706,0.99752
620709,1.02233
620710,1.00971
620711,1.0024
620712,1
620713,1.01199
620716,0.98341
620717,0.99518
620718,0.99758
620719,1.00485
620720,1
620723,0.99758
620724,1.00484
620725,1.00241
620726,0.99279
620727,1.00242
620730,1.00483
620731,1.01683
620801,1.00236
620802,1.00708
620803,1.00468
620806,0.99534
620807,1.00141
620808,0.98821
620809,1.00716
620810,1.00711
620813,1.00471
620814,1.00703
620815,1.00698
620816,1
620817,0.99769
620820,0.99074
620821,0.99766
620822,1.00937
620823,1
620824,1.00232
620827,1
620828,0.99537
620829,1.00233
620830,1
620831,1.00464
620904,0.99538
620905,0.99768
620906,0.99535
620907,1.00935
620910,0.99537
620911,1.00465
620912,1.00463
620913,1.00461
620914,1.00688
620917,1.00911
620918,1.00451
620919,0.99551
620920,1.00226
620921,0.97297
620924,0.99074
620925,1.00935
620926,0.98611
620927,1
620928,1.00939
621001,0.9907
621002,1.00235
621003,0.99766
621004,1.00704
621005,1.01166
621008,0.98848
621009,1.00466
621010,1.01624
621011,0.9863
621012,0.99537
621015,1.0093
621016,1.01382
621017,1.00227
621018,0.9932
621019,0.98858
621022,0.98614
621023,0.98829
621024,0.98578
621025,0.98798
621026,1.00243
621029,1.02427
621030,1.00711
621031,1
621101,1.00941
621102,1.01632
621105,1.00596
621107,1
621108,0.9977
621109,1.00922
621112,1
621113,0.99772
621114,1.02059
621115,0.98655
621116,1.01591
621119,0.98434
621120,1.01591
621121,1.00447
621123,1.00891
621126,0.99117
621127,1.00668
621128,1.00664
621129,1.01099
621130,0.99565
621203,1.00655
621204,1.00824
621205,1.02802
621206,0.9979
621207,1.0105
621210,0.99168
621211,1.00629
621212,1.00417
621213,1.00415
621214,0.99174
621217,0.99583
621218,0.99582
621219,1.0063
621220,1.00835
621221,1.01035
621224,1.00205
621226,1.01227
621227,0.99798
621228,0.99595
621231,1.0061
630102,0.9798
630103,1.00619
630104,1
630107,0.98975
630108,1.00414
630109,1.00825
630110,0.99796
630111,0.99795
630114,0.99384
630115,1.00826
630116,0.9959
630117,0.99794
630118,1
630121,1
630122,1.01237
630123,1.00815
630124,1.00202
630125,0.97177
630128,1.01037
630129,1.01027
630130,1.00407
630131,1.00729
630201,0.98785
630204,1
630205,1.0041
630206,1.01224
630207,0.9879
630208,0.99184
630211,0.98148
630212,1.01048
630213,1.00622
630214,1.01443
630215,1.00813
630218,1.00605
630219,0.98998
630220,0.98381
630221,1
630225,1.00206
630226,0.99795
630227,1.00206
630228,0.99589
630301,1.00412
630304,1.00205
630305,1.00205
630306,1.00613
630307,1
630308,1.01626
630311,1.02
630312,1.00392
630313,1.01367
630314,0.98073
630315,1.01768
630318,0.99614
630319,0.99612
630320,1.01362
630321,1.00384
630322,1.01147
630325,0.99433
630326,1
630327,1
630328,1.0057
630329,1.00378
630401,0.99812
630402,1.01321
630403,1.01117
630404,1.01289
630405,0.99636
630408,0.99818
630409,1
630410,0.99817
630411,1.01648
630415,1.00721
630416,0.99821
630417,0.99462
630418,0.9982
630419,0.99819
630422,0.99638
630423,1.00363
630424,1.00904
630425,1.00179
630426,0.99284
630429,1.00721
630430,0.99463
630501,1
630502,1
630503,0.99281
630506,0.97283
630507,0.99814
630508,1.01692
630509,1
630510,1.00739
630513,0.99633
630514,0.98158
630515,1.00375
630516,1.00187
630517,1.01119
630520,0.98893
630521,0.98694
630522,1
630523,0.99244
630524,1.00381
630527,1.0038
630528,1.00756
630529,0.99062
630531,1.00947
630603,1
630604,1.00188
630605,1.00749
630606,1.00558
630607,1.00739
630610,0.98899
630611,1.00928
630612,1.01287
630613,0.99819
630614,1.00727
630617,0.99819
630618,0.99638
630619,0.99819
630620,1.00545
630621,1.0217
630624,1.01239
630625,0.99126
630626,0.99824
630627,0.9947
630628,1.00178
630701,0.99468
630702,1.00713
630703,1.01947
630705,1.02257
630708,0.97793
630709,1.00347
630710,1.00173
630711,0.99482
630712,1.00174
630715,0.98094
630716,0.99647
630717,1
630718,0.98582
630719,1.00719
630722,0.99286
630723,0.9964
630724,1.01625
630725,1.0071
630726,1.00529
630729,1.00702
630730,1.01045
630731,0.99828
630801,0.98791
630802,1.00699
630805,1.01736
630806,0.99829
630807,0.99484
630808,1.01038
630809,1.01027
630812,0.99322
630813,0.99829
630814,0.99487
630815,1.00172
630816,1.00686
630819,1.00681
630820,1
630821,1
630822,0.99492
630823,0.9966
630826,0.99829
630827,0.99829
630828,1.01027
630829,0.99831
630830,0.99151
630903,0.99658
630904,1.00344
630905,1.00685
630906,0.9881
630909,1
630910,0.99312
630911,1
630912,0.99307
630913,0.99476
630916,1.00526
630917,0.99127
630918,0.99648
630919,1.00177
630920,0.99295
630923,0.99645
630924,0.99822
630925,1.00179
630926,1
630927,1.00178
630930,0.98754
631001,0.99099
631002,1.01091
631003,1.0054
631004,1.01431
631007,0.99471
631008,0.98227
631009,0.98917
631010,0.99818
631011,0.98537
631014,1.00186
631015,1.00185
631016,1.00739
631017,1
631018,0.99633
631021,1.00184
631022,1.00184
631023,0.99083
631024,1.00926
631025,0.99633
631028,0.99632
631029,0.99445
631030,1.00186
631031,0.98701
631101,1.00376
631104,0.9985
631106,0.9697
631107,1.02539
631108,1.01524
631111,0.99437
631112,1
631113,0.99811
631114,0.99055
631115,1
631118,0.9771
631119,0.99609
631120,1.02353
631121,0.99425
631122,0.9711
631126,1.0377
631127,0.9847
631129,1.0233
631202,1.01518
631203,1.00187
631204,1.0056
631205,0.99443
631206,0.99067
631209,1
631210,1.00188
631211,1.00188
631212,1
631213,1.00563
631216,1.00373
631217,1.00558
631218,1.00555
631219,1.00368
631220,0.99451
631223,0.98158
631224,1.02439
631226,1.01099
631227,1.00725
631230,1.00719
631231,1
640102,0.99643
640103,1
640106,1.00179
640107,0.99463
640108,1.0036
640109,1.00358
640110,1
640113,0.98929
640114,1
640115,1.01083
640116,1.01071
640117,0.9841
640120,0.99641
640121,1.01441
640122,0.99822
640123,1.0089
640124,1.00529
640127,1.00526
640128,1.00873
640129,0.99654
640130,1.00694
640131,1.00345
640203,1.01203
640204,1.00917
640205,0.99831
640206,1.0017
640207,0.99831
640210,1
640211,1.0017
640212,0.99492
640213,1.00681
640214,0.99831
640217,1.00339
640218,1.00338
640219,1.00842
640220,1
640224,0.99833
640225,1.00334
640226,0.99667
640227,0.98997
640228,1
640302,0.99493
640303,1.00509
640304,1.00338
640305,1
640306,1.0101
640309,0.99167
640310,1.00672
640311,1.00167
640312,0.99833
640313,0.99666
640316,1.00335
640317,1
640318,1.00668
640319,0.99502
640320,0.99167
640323,1.00504
640324,0.98495
640325,0.9983
640326,0.9932
640330,1.00342
640331,1
640401,0.99659
640402,1.00856
640403,1.00679
640406,1.00675
640407,0.99665
640408,1.00672
640409,0.99332
640410,1.00168
640413,0.99497
640414,1.00675
640415,1.01675
640416,1.01153
640417,1.01629
640420,0.98397
640421,1.01303
640422,1.00161
640423,1.00161
640424,0.99359
640427,0.98871
640428,1.00489
640429,1.01948
640430,0.99522
640501,1.0064
640504,1.00795
640505,1.00221
640506,1.00158
640507,0.99525
640508,0.99364
640511,1
640512,1.0064
640513,0.99841
640514,0.99841
640515,1.00478
640518,0.99841
640519,0.98728
640520,1.00966
640521,1
640522,1.00797
640525,0.99842
640526,1.00792
640527,1
640528,0.99214
640601,0.99208
640602,1
640603,0.99361
640604,0.98553
640605,0.99837
640608,1
640609,1.0098
640610,1.00485
640611,0.99839
640612,0.99839
640615,1
640616,1.01292
640617,1.00797
640618,1.00949
640619,1
640622,0.99687
640623,0.99528
640624,1.00474
640625,0.99843
640626,1.00315
640629,1.00314
640630,0.99531
640701,0.99686
640702,1.00158
640706,1.00157
640707,0.99686
640708,1
640709,1.00158
640710,1.00472
640713,0.99843
640714,1.00314
640715,1
640716,1
640717,1.01878
640720,1.00922
640721,0.9863
640722,0.99846
640723,1
640724,1.02009
640727,0.99242
640728,0.99237
640729,0.99692
640730,0.99383
640731,1.01863
640803,1.0061
640804,0.98242
640805,1.00621
640806,0.97685
640807,1.02054
640810,1.00155
640811,0.99845
640812,1.00929
640813,0.9908
640814,0.99071
640817,1.01563
640818,1.00769
640819,0.99389
640820,0.99846
640821,1.00615
640824,0.99847
640825,1.00153
640826,0.99847
640827,0.99541
640828,0.99692
640831,0.99537
640901,0.99845
640902,1.00466
640903,1
640904,1
640908,0.99845
640909,0.99226
640910,1.00156
640911,1.00779
640914,0.98918
640915,1.00313
640916,1.00623
640917,0.99536
640918,1.00311
640921,0.99845
640922,1.00466
640923,1.00464
640924,0.99846
640925,1.00462
640928,1.00613
640929,1.01067
640930,1.00905
641001,1
641002,1.00448
641005,1.00446
641006,0.99407
641007,1
641008,1.00149
641009,1.00744
641012,1.00148
641013,1.00295
641014,0.99706
641015,1.00295
641016,1.01176
641019,1.00291
641020,1.00435
641021,1
641022,1.01299
641023,0.99715
641026,1.02571
641027,1.00279
641028,0.99167
641029,1.0112
641030,1.00693
641102,1.0066
641104,0.99855
641105,1.00724
641106,1.01149
641109,1.00426
641110,0.99434
641111,1.00284
641112,0.99291
641113,1.00143
641116,1.00999
641117,1.01695
641118,0.99722
641119,1.00696
641120,1.01107
641123,1
641124,0.99453
641125,1.00138
641127,0.99313
641130,0.99447
641201,0.98748
641202,0.99155
641203,0.99858
641204,0.99147
641207,1.0043
641208,1.00143
641209,0.99429
641210,1.00861
641211,1.00284
641214,0.99291
641215,1
641216,1.00571
641217,0.99716
641218,1.00285
641221,1
641222,0.99432
641223,1.00286
641224,1.00142
641228,0.99858
641229,0.98718
641230,1.00722
641231,1.0043
650104,0.98431
650105,0.99275
650106,1.00584
650107,1.00145
650108,1.00145
650111,0.99711
650112,1.0029
650113,1.00289
650114,1
650115,1.00144
650118,1.00576
650119,0.99713
650120,0.99856
650121,1
650122,0.98129
650125,0.99267
650126,0.99114
650127,0.99702
650128,1.00448
650129,0.99554
650201,0.99253
650202,1.00512
650203,1
650204,0.98793
650205,0.99084
650208,0.9923
650209,1.00311
650210,0.99071
650211,0.97812
650212,1.01757
650215,0.99215
650216,0.99842
650217,1.01426
650218,0.9875
650219,0.99684
650223,0.99841
650224,1.0159
650225,1.00156
650226,0.9875
650301,0.98259
650302,1.00322
650303,0.99358
650304,1.00808
650305,0.9984
650308,1
650309,0.98395
650310,0.98858
650311,1.00495
650312,0.99672
650315,0.99835
650316,1.0099
650317,1.00817
650318,1
650319,1
650322,1.00972
650323,1.00321
650324,1.0016
650325,0.98562
650326,1.00486
650329,0.99677
650330,0.99676
650331,0.98864
650401,0.99343
650402,1.00496
650405,1.00493
650406,0.98527
650407,1.00332
650408,0.99338
650409,1.00333
650412,0.99336
650413,0.97324
650414,1.00859
650415,0.99319
650419,1.01544
650420,1.02703
650421,1.01974
650422,1.02258
650423,0.98265
650426,1
650427,0.99679
650428,0.98873
650429,1
650430,1.00651
650503,1.01294
650504,0.99105
650505,1.00649
650506,1.00806
650507,0.9936
650510,1.00161
650511,0.99839
650512,1.00966
650513,1.01914
650514,0.99531
650517,0.99057
650518,1.00476
650519,0.99526
650520,1
650521,0.99365
650524,0.99361
650525,0.99518
650526,0.99515
650527,0.99675
650528,1.00326
650601,1.00487
650602,0.99192
650603,1.00326
650604,1.01948
650607,0.98885
650608,0.98551
650609,0.9902
650610,1.00495
650611,1.01149
650614,0.98864
650615,1.00493
650616,1
650617,1.01797
650618,0.99518
650621,1
650622,1.0129
650623,0.98567
650624,0.99677
650625,0.99838
650628,0.98864
650629,1
650630,1.01806
650701,1.00161
650702,1.00644
650706,0.9872
650707,1.00162
650708,1.00647
650709,0.99839
650712,1.00644
650713,1.0016
650714,1.00958
650715,0.99367
650716,1.01274
650719,0.99686
650720,0.99054
650721,1.00318
650722,0.99206
650723,1
650726,1.0112
650727,0.99684
650728,0.99841
650729,1.00795
650730,1.00158
650802,0.99843
650803,0.99653
650804,0.99362
650805,1
650806,0.99839
650809,0.99678
650810,0.99677
650811,1.00485
650812,0.99839
650813,1.00323
650816,1.00322
650817,1.00801
650818,1
650819,1.00477
650820,0.99842
650823,0.98732
650824,0.99358
650825,1.00485
650826,1.00643
650827,1.00958
650830,0.99051
650831,0.99521
650901,1.00482
650902,1.00479
650903,0.99841
650907,1.00478
650908,0.99842
650909,1.00317
650910,1.02848
650913,1.00769
650914,0.99389
650915,1.00307
650916,1
650917,1.00459
650920,1.00457
650921,1.00759
650922,0.98494
650923,0.99083
650924,1.00772
650927,1.01685
650928,1
650929,1.00151
650930,1.00752
651001,1.00448
651004,1.00149
651005,1.00593
651006,0.99705
651007,0.9926
651008,1.00596
651011,1
651012,0.99556
651013,0.97917
651014,0.9848
651015,1.0108
651018,1.00916
651019,1.01664
651020,0.9881
651021,1.00753
651022,0.98505
651025,1.00455
651026,1.00302
651027,0.99247
651028,0.99697
651029,1.00304
651101,0.99666
651103,0.9908
651104,0.99845
651105,1.0093
651108,1.01075
651109,1.00152
651110,1.00455
651111,0.99396
651112,0.99848
651115,0.97717
651116,1.00156
651117,1.01244
651118,0.99232
651119,0.99845
651122,0.99225
651123,0.99687
651124,1.01442
651126,1.00774
651129,0.98618
651130,1.00312
651201,1.01087
651202,1
651203,0.99232
651206,1
651207,0.9969
651208,0.99534
651209,1
651210,1.00468
651213,0.99689
651214,1.00467
651215,1.00465
651216,1.0108
651217,0.99542
651220,0.98006
651221,1
651222,1.00626
651223,0.99689
651227,0.99064
651228,1.0063
651229,1.00626
651230,1
651231,1
660103,0.99689
660104,1.00468
660105,0.99534
660106,1.00312
660107,0.99533
660110,0.99687
660111,1.00313
660112,1.00156
660113,1.00312
660114,0.99067
660117,1
660118,0.99058
660119,1.0206
660120,0.99689
660121,1.00779
660124,1.01236
660125,1.00153
660126,1.00152
660127,1.00761
660128,0.99396
660131,0.99392
660201,0.98593
660202,1.00937
660203,1.01548
660204,0.99695
660207,1
660208,0.99847
660209,1.00153
660210,1.00459
660211,1
660214,1.00457
660215,0.98182
660216,0.99846
660217,0.98454
660218,1.00314
660221,0.99687
660223,0.99058
660224,0.97147
660225,1.02447
660228,1
660301,0.9793
660302,0.99187
660303,0.99508
660304,0.99506
660307,0.99503
660308,1
660309,0.99834
660310,1
660311,1.00333
660314,0.99169
660315,1
660316,0.99832
660317,0.99497
660318,0.99831
660321,0.98986
660322,0.99659
660323,1.00342
660324,0.99488
660325,1
660328,1.00858
660329,0.9932
660330,0.98801
660331,1.01906
660401,1.0068
660404,1.00676
660405,1.03356
660406,1.01299
660407,0.9984
660411,1.00482
660412,0.98083
660413,0.99349
660414,1.01967
660415,0.98875
660418,1.0065
660419,0.99677
660420,1.00648
660421,0.99517
660422,0.99353
660425,0.99186
660426,1.00493
660427,1.01307
660428,1
660429,0.99355
660502,0.99513
660503,0.99315
660504,0.99172
660505,0.99332
660506,0.98487
660509,0.98635
660510,1.0173
660511,1
660512,1
660513,0.9898
660516,1
660517,0.99141
660518,1.01386
660519,1.00855
660520,0.98983
660523,1.00514
660524,0.98126
660525,1.01215
660526,0.99485
660527,1.01552
660531,0.97453
660601,1.00174
660602,1.0087
660603,0.98966
660606,0.98432
660607,1.00177
660608,0.99293
660609,1.01246
660610,1
660613,0.99473
660614,1.00177
660615,0.99471
660616,0.98404
660617,0.9964
660620,1.01085
660621,1.00179
660622,1.00893
660623,1.00885
660624,0.99649
660627,0.99824
660628,1.00529
660629,0.98596
660630,1.00178
660701,1
660705,0.99645
660706,1.01248
660707,0.99824
660708,1
660711,0.99647
660712,1.00354
660713,1.00529
660714,1.00877
660715,1.01217
660718,0.99141
660719,0.99827
660720,0.9809
660721,1
660722,1
660725,0.98938
660726,0.99106
660727,0.99819
660728,1.00542
660729,0.9982
660801,0.97477
660802,1.00887
660803,1.02218
660804,1.01447
660805,0.98752
660808,1.00181
660809,0.98018
660810,0.99816
660811,1
660812,1.01105
660815,0.99089
660816,0.98529
660817,0.98694
660818,0.97543
660819,1.0155
660822,0.99618
660823,0.99425
660824,0.98651
660825,0.98437
660826,1.00198
660829,0.97822
660830,1.00405
660831,1.02016
660901,1.00593
660902,1.00589
660906,0.99219
660907,1.00394
660908,0.98039
660909,1.008
660912,1.04167
660913,1.0019
660914,1.01711
660915,1.01121
660916,0.98891
660919,1
660920,1.00561
660921,0.99257
660922,1
660923,1.00936
660926,0.99629
660927,0.99255
660928,0.9925
660929,0.99244
660930,1.00762
661003,0.98299
661004,0.98654
661005,1.0117
661006,1.00578
661007,0.9751
661010,1
661011,1.00786
661012,1.05653
661013,1.00369
661014,0.99632
661017,1.03321
661018,1.02143
661019,0.97552
661020,1.02151
661021,1.02807
661024,0.99147
661025,1.01205
661026,1.0068
661027,1.01182
661028,0.99666
661031,1.0067
661101,0.99268
661102,0.98139
661103,1.01724
661104,1.01017
661107,0.9849
661109,1.0017
661110,1.0085
661111,0.99325
661114,0.9983
661115,1
661116,1.01361
661117,0.9849
661118,0.98467
661121,0.99308
661122,1.00174
661123,1.02261
661125,0.9932
661128,1.01027
661129,1.00169
661130,0.99662
661201,0.97793
661202,1
661205,1.00347
661206,1.00865
661207,1.01715
661208,1.02192
661209,0.9901
661212,1.01
661213,0.9802
661214,1.00168
661215,0.97143
661216,1.00346
661219,1.0069
661220,1.00514
661221,1.00511
661222,1.01356
661223,0.98997
661227,0.98986
661228,1.00341
661229,0.97619
661230,0.99652
670103,0.96853
670104,1
670105,1.00361
670106,1.0036
670109,0.98925
670110,0.99819
670111,1.00907
670112,1.00719
670113,1.01429
670116,0.99824
670117,1.01587
670118,1.02778
670119,1.00338
670120,1
670123,1.00337
670124,1.00503
670125,0.99499
670126,0.99329
670127,1.00338
670130,1.00505
670131,1.01039
670201,0.99833
670202,1.01005
670203,1.00829
670206,1.00329
670207,1.00164
670208,1.01146
670209,0.99838
670210,1.00486
670213,0.99194
670214,1.00163
670215,1.01461
670216,1.0048
670217,0.99522
670220,1.0016
670221,1.00319
670223,0.99522
670224,0.9904
670227,0.98223
670228,0.99178
670301,0.99337
670302,1.0217
670303,0.9902
670306,0.98845
670307,1.00668
670308,1.00995
670309,1.00493
670310,1
670313,0.99673
670314,0.99836
670315,1.01149
670316,1.00487
670317,0.98869
670320,1
670321,0.9951
670322,1.01314
670323,0.99838
670327,1
670328,0.98377
670329,0.98845
670330,1.02671
670331,0.98862
670403,1.00493
670404,0.99509
670405,1.00164
670406,1.00985
670407,0.98374
670410,0.98843
670411,1.01505
670412,0.98847
670413,1.00833
670414,1
670417,0.99835
670418,1.01325
670419,0.99346
670420,0.99342
670421,0.99338
670424,0.995
670425,1.00335
670426,0.9783
670427,1.0273
670428,1.00332
670501,0.99172
670502,0.99699
670503,0.99831
670504,0.99662
670505,1.01358
670508,1.0268
670509,1.00326
670510,1.00163
670511,1.00487
670512,0.99192
670515,0.99186
670516,1.00657
670517,0.99511
670518,1.00492
670519,0.99184
670522,0.99342
670523,0.99007
670524,0.99331
670525,1.0101
670526,1.00667
670529,0.98841
670531,0.97822
670601,1.01541
670602,0.98482
670605,0.96062
670606,1.01426
670607,1.02636
670608,0.99829
670609,0.99142
670612,1.01903
670613,0.9966
670614,1.00511
670615,0.97119
670616,1.01222
670619,0.9931
670620,0.99479
670621,1.00349
670622,0.98609
670623,0.99471
670626,0.99468
670627,0.99287
670628,1.00539
670629,1.00179
670630,0.99822
670703,1.01071
670705,1.00883
670706,1.0035
670707,1.01222
670710,1.00172
670711,0.98967
670712,0.98783
670713,0.99648
670714,0.99117
670717,1.01604
670718,1.02982
670719,1.00341
670720,1.00679
670721,1.01686
670724,1.00995
670725,1.00328
670726,0.99182
670727,0.9769
670728,1.00338
670731,0.99495
670801,1.00372
670802,1.0068
670803,1.01014
670804,1.00502
670807,0.99501
670808,1.00334
670809,1.00333
670810,1.00498
670811,0.99504
670814,0.99169
670815,1.0067
670816,0.99334
670817,0.99832
670818,0.99832
670821,0.99664
670822,0.98482
670823,0.99829
670824,0.98113
670825,1.02098
670828,1.00685
670829,0.98639
670830,1.01552
670831,0.99321
670901,0.98974
670905,1.00864
670906,0.99829
670907,1.00686
670908,1
670911,1
670912,0.99659
670913,1.0188
670914,1.01174
670915,1.01161
670918,1.02295
670919,1.00641
670920,1.00637
670921,1.00633
670922,0.99057
670925,1.01429
670926,0.99687
670927,0.99843
670928,1.00314
670929,1
671002,1
671003,0.99687
671004,1.00157
671005,1.0157
671006,1.01236
671009,1.01527
671010,0.99549
671011,0.98792
671012,0.99847
671013,1.01072
671016,0.99394
671017,0.97713
671018,0.99064
671019,1.01102
671020,1.00312
671023,1.00155
671024,0.98295
671025,0.99369
671026,1.00794
671027,1.0063
671030,1.01565
671031,1.00154
671101,0.99231
671102,0.9907
671103,0.99531
671106,0.98742
671108,0.99035
671109,1.01136
671110,1.01766
671113,0.99685
671114,0.99051
671115,0.99201
671116,1.02415
671117,0.99528
671120,0.98736
671121,1.008
671122,1.02063
671124,1.00156
671127,1
671128,1.00155
671129,0.98605
671130,0.99371
671201,1.01266
671204,0.99687
671205,1.01254
671206,1.02322
671207,1.00605
671208,0.98647
671211,0.99543
671212,0.99847
671213,1.0046
671214,0.99389
671215,0.98771
671218,1.00622
671219,1
671220,0.99073
671221,0.99532
671222,0.99687
671226,0.98899
671227,1.00795
671228,1.01104
671229,1.03588
680102,0.98042
680103,1.03226
680104,0.99107
680105,0.98799
680108,1.01368
680109,0.9985
680110,0.98799
680111,0.98784
680112,1.00769
680115,0.99695
680116,0.98622
680117,1.01242
680118,0.98926
680119,0.98295
680122,0.98423
680123,0.9984
680124,0.98555
680125,1.00651
680126,1.01618
680129,0.99841
680130,1.00096
680131,1.01286
680201,1
680202,1.00635
680205,0.99842
680206,1.00474
680207,1
680208,0.98113
680209,1.00321
680213,0.96805
680214,1.02145
680215,1.00808
680216,1.00321
680219,0.99042
680220,1.00161
680221,1.01449
680223,0.99048
680226,0.98397
680227,1.01303
680228,1
680229,0.98392
680301,0.99837
680304,0.95581
680305,1.01541
680306,1.0118
680307,1
680308,1.01
680311,0.9967
680312,0.99172
680313,0.99833
680314,0.97993
680315,1
680318,1.01536
680319,0.98824
680320,0.9966
680321,0.98976
680322,1
680325,0.99655
680326,1.00346
680327,1.0069
680328,0.99144
680329,1.00173
680401,1.01897
680402,0.98985
680403,1.00855
680404,1.04068
680405,0.99674
680408,1.01961
680410,0.99679
680411,0.99518
680415,1.00485
680416,0.99678
680417,1
680418,0.99516
680419,0.96272
680422,0.9899
680423,1.01701
680424,1.01338
680425,1.0132
680426,0.9886
680429,0.99835
680430,0.99835
680501,1.00826
680502,1.00328
680503,1.01144
680506,0.99612
680507,1.00982
680508,1.01135
680509,1
680510,0.99359
680513,1.00161
680514,1.00805
680515,1.00639
680516,0.99683
680517,0.98089
680520,0.98377
680521,1.0033
680522,1.00987
680523,1.00814
680524,0.99192
680527,1.00163
680528,1.01301
680529,1.00161
680531,1.01282
680603,1.00475
680604,1.0063
680605,0.98905
680606,1
680607,1.00475
680610,0.97953
680611,1.00804
680613,0.98884
680614,0.99677
680617,0.99029
680618,0.98366
680620,1.01163
680621,1.00164
680624,1.00492
680625,1
680627,0.99347
680628,1.00821
680701,0.99023
680702,1.00822
680703,1.01142
680708,1.02097
680709,1.0158
680711,1.00778
680712,0.99074
680715,0.99688
680716,1.01094
680718,1
680719,1.00155
680722,0.99846
680723,0.98764
680725,1
680726,1.00939
680729,0.99845
680730,1.00466
680801,0.98609
680802,0.99373
680805,0.98044
680806,1.00487
680808,0.98708
680809,0.99345
680812,0.99671
680813,1.01653
680815,0.99512
680816,1.03595
680819,1.00789
680820,0.99531
680822,0.99214
680823,0.99683
680826,1.01272
680827,1
680829,1.00471
680830,1.00156
680903,1
680904,1.00468
680905,1.02019
680906,0.99239
680909,0.99847
680910,1.00768
680912,0.99238
680913,0.99846
680916,1
680917,1.00923
680919,1.00762
680920,1.00756
680923,1.0045
680924,1.00149
680926,0.99851
680927,1.00299
680930,1
681001,1.00149
681003,1.00595
681004,1.00592
681007,0.99853
681008,1.00442
681010,0.99707
681011,0.99706
681014,1.00147
681015,0.99853
681017,1.00442
681018,1.01175
681021,1
681022,1.00581
681024,1.00433
681025,1.0158
681028,1.01047
681029,0.99859
681031,0.98586
681101,0.98996
681104,0.9942
681106,1.00292
681107,1.00872
681108,1.00144
681112,0.99712
681113,1.00289
681114,1.00863
681115,0.98003
681118,0.99709
681119,1.00146
681121,1.0102
681122,1.00722
681125,1.0043
681126,1.00999
681127,1.00141
681129,0.99859
681202,0.99153
681203,1.01282
681205,1.00281
681206,0.99018
681209,0.99717
681210,1.00142
681212,0.99291
681213,1.01714
681216,0.98455
681217,0.99287
681219,1.01724
681220,0.98164
681223,0.99281
681224,0.98986
681226,1.00878
681227,0.99274
681230,0.98392
681231,0.9896
690102,1.003
690103,0.98802
690106,0.99091
690107,0.99541
690108,0.99539
690109,0.98765
690110,0.99375
690113,0.99371
690114,1.01266
690115,0.98437
690116,1.02857
690117,0.99537
690120,0.99845
690121,1.00311
690122,1.02012
690123,1.01366
690124,1
690127,0.97904
690128,0.99388
690129,1.00923
690130,1.00457
690131,0.99393
690203,1.00244
690204,0.99539
690205,1.00926
690206,1.00612
690207,1
690211,1.00456
690212,0.99849
690213,1.00606
690214,1.00753
690217,0.98057
690218,0.9939
690219,1
690220,0.9908
690224,0.99381
690225,0.99221
690226,1.02198
690227,0.99846
690228,1.00923
690303,0.99085
690304,1.00769
690305,1.01069
690306,1.00151
690307,0.99246
690310,0.99696
690311,1.01067
690312,1.01056
690313,0.99104
690314,0.99699
690317,0.98943
690318,1.02137
690319,1.00448
690320,1.00446
690321,0.99556
690324,0.99702
690325,1
690326,1
690327,1.02537
690328,1.01601
690401,0.9957
690402,0.99137
690403,0.99565
690407,1.00583
690408,0.9971
690409,1.01453
690410,0.99713
690411,0.99569
690414,0.99856
690415,0.98988
690416,0.98394
690417,0.98516
690418,1.02108
690421,0.9941
690422,0.98813
690423,1.00751
690424,1.00298
690425,0.9896
690428,1
690429,1.003
690430,1.01647
690501,0.98969
690502,1.0119
690505,1.00794
690506,1.00442
690507,1.00587
690508,1.00583
690509,1.0058
690512,1.00865
690513,1.00143
690514,1.00428
690515,0.99432
690516,1.00286
690519,0.98718
690520,0.98124
690521,0.99853
690522,1.01178
690523,0.99563
690526,0.99854
690527,0.98243
690528,1.00745
690529,0.99704
690602,0.99407
690603,1.00149
690604,0.99106
690605,1.00451
690606,0.98204
690609,0.9878
690610,0.99691
690611,0.99845
690612,0.99845
690613,0.99845
690616,0.98911
690617,1.00472
690618,0.98905
690619,0.99367
690620,0.99204
690623,0.98555
690624,1.0114
690625,0.98873
690626,0.9886
690627,0.99835
690630,0.9967
690701,1.01325
690702,1.00817
690703,0.99352
690707,1.00489
690708,0.98701
690709,0.99507
690710,0.97686
690711,1.00508
690714,1
690715,0.98653
690716,1.00853
690717,1.00169
690718,0.99493
690722,0.98472
690723,0.97586
690724,1
690725,0.9788
690728,0.95487
690729,0.99622
690730,0.99431
690731,1
690801,1.02672
690804,1
690805,0.99442
690806,0.99065
690807,1.00189
690808,1.00565
690811,0.98876
690812,1
690813,1.00379
690814,1.03019
690815,0.99707
690818,0.98513
690819,1.00755
690820,0.99625
690821,0.99624
690822,0.99245
690825,1.0038
690826,0.99621
690827,1.0038
690828,1.01136
690829,1.01873
690902,1.02574
690903,1.00358
690904,0.97857
690905,0.99635
690908,0.97436
690909,0.98496
690910,1.03053
690911,0.97407
690912,1.01141
690915,1.01504
690916,0.96296
690917,0.98462
690918,0.97656
690919,0.996
690922,1.00402
690923,0.992
690924,1.00806
690925,0.992
690926,0.99597
690929,0.98381
690930,1
691001,0.99177
691002,1.0083
691003,1.01235
691006,1.02033
691007,0.99203
691008,0.98795
691009,1.00407
691010,1.04453
691013,1.00775
691014,1
691015,1
691016,1.00385
691017,0.98467
691020,0.99611
691021,1.00781
691022,1
691023,0.99225
691024,0.98437
691027,0.99603
691028,0.99602
691029,0.9888
691030,1.0041
691031,1.00816
691103,0.99595
691104,0.99187
691105,1.01639
691106,1.00403
691107,0.98795
691110,1.00407
691111,0.99595
691112,0.99593
691113,0.97959
691114,1
691117,1
691118,0.99167
691119,0.9958
691120,0.99578
691121,0.99576
691124,0.98298
691125,1.00866
691126,1.01288
691128,1.02119
691201,1.00415
691202,0.97934
691203,0.97046
691204,1
691205,1.00435
691208,0.97403
691209,0.99556
691210,0.99554
691211,1.02242
691212,1.00439
691215,1.0131
691216,1.00431
691217,1.00429
691218,0.99145
691219,1.01293
691222,0.99149
691223,0.98712
691224,1.02609
691226,1.02119
691229,1.0083
691230,1
691231,1.00823
700102,1.00408
700105,1.01626
700106,0.984
700107,0.98374
700108,0.99174
700109,0.98333
700112,1.01271
700113,0.98745
700114,0.99153
700115,0.98291
700116,0.98261
700119,1.0177
700120,0.99565
700121,0.97817
700122,1.03125
700123,0.96537
700126,1.01345
700127,0.99115
700128,0.96875
700129,0.98249
700130,0.97619
700202,0.98537
700203,1.0198
700204,1.00971
700205,0.96635
700206,1
700209,1.00995
700210,0.99015
700211,0.99502
700212,1
700213,0.99
700216,1.0101
700217,0.995
700218,1.0201
700219,1.03448
700220,1.04286
700224,1.0137
700225,1
700226,0.9955
700227,1.00905
700302,1.00448
700303,1
700304,0.96429
700305,1.00463
700306,0.98618
700309,0.99533
700310,1.00469
700311,1
700312,1.01869
700313,0.99541
700316,0.99078
700317,1.00465
700318,1
700319,1.00926
700320,1.00917
700323,0.96818
700324,1.00469
700325,1.02336
700326,1.00457
700330,0.99545
700331,0.99087
700401,1
700402,0.99078
700403,1.00465
700406,1
700407,0.97222
700408,1.00476
700409,1.00474
700410,0.98113
700413,0.99038
700414,1.00971
700415,1
700416,0.98558
700417,1.00976
700420,1
700421,1
700422,0.98551
700423,0.9902
700424,1.00495
700427,0.99507
700428,0.9703
700429,1.06633
700430,0.98086
700501,0.99512
700504,0.98627
700505,0.99495
700506,1.03046
700507,0.99015
700508,1.0199
700511,0.99024
700512,1
700513,0.98522
700514,0.99
700515,1.05051
700518,0.99038
700519,0.98058
700520,0.9901
700521,0.96
700522,1.01563
700525,0.99487
700526,0.99485
700527,1.03627
700528,1.02
700529,1.01471
700601,1.03865
700602,1.0093
700603,1
700604,0.98157
700605,0.96244
700608,1.03415
700609,1.00472
700610,1
700611,1
700612,0.99531
700615,0.99057
700616,1.02381
700617,1.00465
700618,1
700619,1.00463
700622,1.00922
700623,0.9726
700624,1.00939
700625,1.00465
700626,0.98148
700629,0.98113
700630,1
700701,1.00481
700702,0.99043
700706,0.97101
700707,1.01493
700708,1.02941
700709,1
700710,1.00952
700713,0.98113
700714,1
700715,1.01442
700716,1.02844
700717,1.05991
700720,1.01304
700721,0.98712
700722,1.03043
700723,1.02954
700724,0.9877
700727,1.0083
700728,0.98765
700729,0.99167
700730,0.97983
700731,0.9913
700803,0.98684
700804,1.02667
700805,1.00866
700806,1.00429
700807,1.01709
700810,0.94538
700811,1.01778
700812,1.00873
700813,1.00866
700814,1
700817,0.99571
700818,1.03017
700819,1.02929
700820,1.03252
700821,1.00394
700824,0.99608
700825,0.96457
700826,1.02857
700827,1
700828,0.99603
700831,0.98008
700901,0.97967
700902,0.99585
700903,1.03333
700904,1.0121
700908,1.01992
700909,0.97656
700910,1
700911,0.976
700914,0.9877
700915,0.9834
700916,1.01688
700917,1.0083
700918,1.00412
700921,0.97131
700922,1.01266
700923,1.02083
700924,1.02041
700925,1.02
700928,1
700929,0.98824
700930,0.98016
701001,1.01619
701002,1.00797
701005,1.02372
701006,1.03089
701007,1.00749
701008,0.97398
701009,0.98092
701012,1
701013,1.01556
701014,1.00383
701015,1.01145
701016,0.98868
701019,0.96183
701020,1
701021,1.01984
701022,1.01167
701023,1.01154
701026,1.0038
701027,0.98864
701028,1.01226
701029,0.99234
701030,1.00772
701102,0.98467
701103,1.01556
701104,1.00383
701105,0.99618
701106,0.99234
701109,1.00772
701110,1.00383
701111,0.99618
701112,0.96935
701113,1.01186
701116,0.99219
701117,1.00394
701118,1
701119,1
701120,1.01569
701123,1
701124,1.01931
701125,1.00379
701127,1.01509
701130,1.00372
701201,1.00741
701202,1.01103
701203,1.00727
701204,1.01805
701207,0.98227
701208,0.99639
701209,1
701210,1.00362
701211,1.01444
701214,0.99288
701215,0.98925
701216,1
701217,1.01449
701218,0.99643
701221,0.98566
701222,1
701223,0.99273
701224,1.00733
701228,0.99636
701229,1.01825
701230,1.00358
701231,0.99643
710104,0.99642
710105,1
710106,1
710107,0.98201
710108,0.98535
710111,0.98141
710112,0.97727
710113,0.97287
710114,1.01992
710115,1.00781
710118,0.99612
710119,1.01167
710120,1
710121,1.00769
710122,1.03435
710125,0.99631
710126,1.00741
710127,0.98897
710128,1.0119
710129,1.01115
710201,1.00368
710202,0.98901
710203,0.9963
710204,1
710205,1.00743
710208,1.02214
710209,1.01083
710210,0.99643
710211,1
710212,1.01434
710216,1.0212
710217,1.02768
710218,0.9899
710219,0.97959
710222,0.98611
710223,1.01056
710224,0.99652
710225,1.01399
710226,0.9931
710301,1
710302,1
710303,0.98958
710304,1.01754
710305,1.03448
710308,1.00333
710309,0.99336
710310,0.98662
710311,1.00339
710312,1.00676
710315,1.01007
710316,1.00664
710317,0.9901
710318,0.99333
710319,0.98993
710322,0.98644
710323,1.01031
710324,0.96599
710325,0.99296
710326,1.02128
710329,1
710330,1.02083
710331,0.9898
710401,1.00687
710402,0.98294
710405,1.00694
710406,1.01379
710407,1.02381
710408,1
710412,1.00997
710413,1.00987
710414,0.98371
710415,1.00662
710416,0.99671
710419,1.0198
710420,1.00324
710421,1.00323
710422,1
710423,0.99678
710426,0.99355
710427,1.01299
710428,1
710429,0.99679
710430,1
710503,0.97492
710504,0.98
710505,1.0102
710506,0.9899
710507,1.0034
710510,0.99661
710511,1
710512,1.0034
710513,1.00678
710514,1.0101
710517,0.97667
710518,1.01024
710519,0.98649
710520,0.9863
710521,0.99306
710524,0.97902
710525,1
710526,1.01071
710527,1.00353
710528,1.00352
710601,0.99649
710602,0.99648
710603,1
710604,1
710607,0.99647
710608,1
710609,0.99291
710610,1
710611,1.03929
710614,1.01031
710615,1.03061
710616,0.9901
710617,0.98333
710618,0.96271
710621,0.98944
710622,1
710623,1.01779
710624,0.99301
710625,0.98592
710628,0.98929
710629,1.01444
710630,1.01423
710701,1.01053
710702,0.99653
710706,1.00348
710707,0.99306
710708,1
710709,0.99301
710712,1.00704
710713,0.9965
710714,0.98246
710715,1
710716,1
710719,1
710720,1.01429
710721,0.99296
710722,1.01418
710723,1.00699
710726,1
710727,1.00694
710728,0.98966
710729,0.97909
710730,0.98221
710802,1.01159
710803,0.98551
710804,0.98529
710805,1.01119
710806,1.00738
710809,0.99634
710810,0.97426
710811,1.01887
710812,1.02593
710813,0.97834
710816,0.97048
710817,1.01521
710818,0.96629
710819,0.98062
710820,1.01581
710823,1.02335
710824,1.02281
710825,0.98513
710826,0.98868
710827,1.01145
710830,1.00377
710831,0.97368
710901,1
710902,1.00772
710903,1.02299
710907,1.00375
710908,1
710909,1.00373
710910,0.98513
710913,1
710914,0.99245
710915,0.98479
710916,1
710917,1.00386
710920,0.97692
710921,1.01181
710922,0.98833
710923,1
710924,0.99213
710927,1
710928,1.0119
710929,0.99608
710930,1.01181
711001,0.99222
711004,1.00392
711005,0.99219
711006,1.00394
711007,1.00392
711008,1
711011,0.98828
711012,1.00395
711013,0.99213
711014,0.99603
711015,1.01195
711018,1.00787
711019,1
711020,0.99219
711021,0.98425
711022,1.008
711025,0.99603
711026,0.98805
711027,0.99194
711028,1.00407
711029,1.01296
711101,0.99595
711102,1.02033
711103,1.02789
711104,0.99612
711105,0.99611
711108,1.00391
711109,1.00778
711110,0.98842
711111,0.98828
711112,0.99209
711115,0.98406
711116,1.00405
711117,0.99597
711118,0.9919
711119,1.00408
711122,0.9878
711123,0.99588
711124,0.9876
711126,1.03347
711129,1.02429
711130,0.99605
711201,1.03175
711202,1.01154
711203,1.02662
711206,0.98519
711207,1
711208,1
711209,1.00376
711210,1.02622
711213,1.0219
711214,0.98214
711215,0.97455
711216,1.02985
711217,1
711220,0.96377
711221,1
711222,1.01128
711223,0.98141
711227,1.01894
711228,1.01115
711229,1.02941
711230,0.99643
711231,0.98566
720103,1.01091
720104,0.9964
720105,1.02527
720106,1
720107,1.01056
720110,0.99652
720111,1
720112,0.9965
720113,0.99649
720114,0.98592
720117,0.99643
720118,1
720119,1.00717
720120,1.01068
720121,0.98944
720124,0.99288
720125,0.99642
720126,1
720127,0.99281
720128,1
720131,0.98551
720201,0.99265
720202,1
720203,1.00489
720204,1
720207,1
720208,0.99627
720209,1.00749
720210,0.98141
720211,1
720214,1
720215,1.00758
720216,1.01128
720217,0.99257
720218,0.98876
720222,0.99242
720223,0.98092
720224,1.00778
720225,0.99614
720228,1.01163
720229,1.02682
720301,0.99627
720302,0.98127
720303,0.9771
720306,1.01953
720307,0.98851
720308,1.00775
720309,1.00385
720310,1
720313,0.99617
720314,1.01538
720315,0.97727
720316,1
720317,1.00388
720320,0.98456
720321,0.98431
720322,1.01594
720323,1.00784
720324,0.99222
720327,0.97255
720328,0.97984
720329,0.98765
720330,1.02917
720403,1.03644
720404,1
720405,1.00781
720406,0.99225
720407,0.98437
720410,0.99603
720411,1
720412,0.98805
720413,0.98387
720414,1.02459
720417,0.996
720418,0.99598
720419,1
720420,1
720421,0.99597
720424,0.98381
720425,0.99588
720426,1.0124
720427,0.98367
720428,1.00415
720501,0.99587
720502,0.99585
720503,1.01667
720504,1.00131
720505,0.99585
720508,0.99583
720509,1
720510,0.99582
720511,1.01681
720512,1.00826
720515,0.9959
720516,0.99588
720517,1.00826
720518,1.0082
720519,1.02033
720522,0.99203
720523,0.99598
720524,1.00806
720525,1.028
720526,1.03113
720530,1.01132
720531,0.98134
720601,1
720602,0.9962
720605,0.99237
720606,0.96923
720607,0.99206
720608,0.992
720609,0.9879
720612,1.02857
720613,1.01984
720614,1.00389
720615,1.01938
720616,1
720619,1
720620,1.0076
720621,1.00755
720622,0.98876
720623,0.99621
720626,0.98859
720627,1
720628,0.99615
720629,1.00386
720630,1
720703,1.00769
720705,0.99237
720706,1.00769
720707,0.98473
720710,0.99612
720711,0.98833
720712,0.98819
720713,0.98805
720714,1.02419
720717,0.99213
720718,1
720719,1.0119
720720,0.99216
720721,0.98814
720724,1.032
720725,0.98062
720726,1
720727,0.98814
720728,0.992
720731,0.99194
720801,0.99187
720802,1.03279
720803,0.99333
720804,1.0081
720807,1
720808,0.99197
720809,1.01215
720810,1.008
720811,1.05556
720814,1.01128
720815,1.00743
720816,0.99262
720817,1
720818,1.01859
720821,1.01825
720822,1.02867
720823,0.97909
720824,0.98577
720825,0.99278
720828,1
720829,1.01091
720830,1
720831,1.00719
720901,1
720905,1.00714
720906,0.99291
720907,0.98929
720908,1.00722
720911,1.00717
720912,0.99288
720913,0.98925
720914,0.98551
720915,1
720918,1.02206
720919,1.0036
720920,1.00358
720921,0.98571
720922,1.01449
720925,1
720926,1.01071
720927,1
720928,1.0318
720929,1.00342
721002,0.99659
721003,1.01027
721004,1.00339
721005,0.98986
721006,1
721009,1.00683
721010,0.99661
721011,0.97619
721012,1.00348
721013,1.00347
721016,0.99308
721017,1
721018,0.99303
721019,1.00702
721020,1.00697
721023,1.02076
721024,1.03051
721025,1
721026,0.97368
721027,0.97297
721030,1.01389
721031,1.0137
721101,1.02135
721102,1
721103,1.01003
721106,0.99007
721108,0.98997
721109,1
721110,1.01351
721113,1
721114,1.00667
721115,1
721116,1.00331
721117,0.9967
721120,0.99007
721121,1
721122,0.98997
721124,1.02703
721127,0.99671
721128,1.0198
721129,0.99029
721130,0.99346
721201,1.00329
721204,0.99672
721205,0.99671
721206,1.0066
721207,1.00656
721208,1.00326
721211,0.99675
721212,1.00651
721213,0.98706
721214,1.00328
721215,0.98366
721218,0.98007
721219,1.00678
721220,0.98316
721221,1.00342
721222,1.01365
721226,1.01347
721227,0.99336
721229,1.00334
730102,0.98667
730103,1.02027
730104,1.00993
730105,1.01639
730108,0.99677
730109,0.99029
730110,1.00327
730111,1.03257
730112,1.00946
730115,0.99687
730116,1
730117,1.01254
730118,1.04025
730119,1.00595
730122,1.00592
730123,0.98235
730124,0.99102
730126,1.00302
730129,1
730130,1.00301
730131,1.01333
730201,0.98802
730202,0.96364
730205,1.01258
730206,1
730207,0.98447
730208,0.97476
730209,1.01294
730212,1.00319
730213,0.96178
730214,0.99338
730215,0.99
730216,1.01684
730220,1.03642
730221,1.01917
730222,1.00313
730223,0.99687
730226,0.97492
730227,0.95498
730228,1.02357
730301,0.98684
730302,1.01333
730305,0.99342
730306,1.01656
730307,0.95765
730308,0.98639
730309,0.9931
730312,1.01389
730313,1.03425
730314,1.02318
730315,1.00324
730316,0.98387
730319,0.98689
730320,0.99336
730321,0.98328
730322,1
730323,1.0068
730326,0.99324
730327,1.02721
730328,1.01987
730329,1.03571
730330,0.97492
730402,0.98392
730403,1
730404,0.97386
730405,1
730406,1.00336
730409,1.02341
730410,1.01961
730411,1.02564
730412,1.00313
730413,0.98754
730416,1.00315
730417,0.98742
730418,1.02229
730419,1.02804
730423,0.99091
730424,0.97248
730425,1.00629
730426,1.01563
730427,0.97538
730430,1
730501,0.98423
730502,0.99821
730503,1.01948
730504,1.01274
730507,1
730508,0.98428
730509,0.97125
730510,0.96053
730511,1.00685
730514,0.98639
730515,1.0069
730516,1.00685
730517,1
730518,0.9898
730521,0.98625
730522,0.96864
730523,0.9964
730524,1.03971
730525,1.02431
730529,0.97627
730530,0.96181
730531,1
730601,1
730604,0.99639
730605,1.01087
730606,1.00358
730607,1.02143
730608,1.03846
730611,0.9697
730612,1.01389
730613,0.96233
730614,0.99288
730615,0.98566
730618,1
730619,1.00364
730620,1.00725
730621,1
730622,1.00719
730625,1
730626,0.99643
730627,1
730628,0.99642
730629,0.98561
730702,0.99635
730703,0.99634
730705,0.99632
730706,1
730709,0.99631
730710,1
730711,0.98148
730712,0.98491
730713,0.95402
730716,1.01205
730717,1.03175
730718,0.97692
730719,1.00787
730720,1.01172
730723,1.02317
730724,1.01509
730725,1.02974
730726,0.97473
730727,0.98519
730730,0.99624
730731,0.98868
730801,0.99405
730802,0.99222
730803,1
730806,1.00784
730807,1
730808,1
730809,0.99611
730810,0.99219
730813,0.99213
730814,0.97222
730815,0.97959
730816,1
730817,1
730820,0.98333
730821,0.97034
730822,1
730823,1.03057
730824,1.02542
730827,0.98347
730828,1
730829,1
730830,1
730831,1.0084
730904,0.9875
730905,1
730906,1.01266
730907,0.99583
730910,0.98745
730911,1.00424
730912,1.00844
730913,0.97908
730914,1.02564
730917,1.00833
730918,0.99587
730919,1.03734
730920,1.02
730921,1.01176
730924,1.01163
730925,1
730926,1.01149
730927,1
730928,0.98106
731001,1.01931
731002,1.00379
731003,1
731004,1.03396
731005,1.0292
731008,0.92553
731009,0.97318
731010,0.98425
731011,1.02
731012,0.99608
731015,0.96063
731016,1.02049
731017,0.98795
731018,0.98374
731019,1.02066
731022,1.03239
731023,1.01569
731024,1.01158
731025,1.00763
731026,1.02273
731029,0.98519
731030,0.96992
731031,0.99039
731101,0.98413
731102,0.99597
731105,0.97976
731106,1.00826
731107,1.02459
731108,1.028
731109,0.97276
731112,0.992
731113,0.99194
731114,1.00407
731115,0.99595
731116,1.01626
731119,0.972
731120,0.9465
731121,0.99565
731123,0.9869
731126,0.95575
731127,0.95833
731128,1.00483
731129,1.00481
731130,1.00957
731203,0.98104
731204,0.97101
731205,1
731206,1.06965
731207,1.00465
731210,1.06944
731211,0.96537
731212,0.95516
731213,1.00939
731214,1.04651
731217,0.99111
731218,1.02242
731219,0.98246
731220,0.97321
731221,0.99083
731224,1
731226,1.06019
731227,0.98253
731228,1.05778
731231,0.98739
740102,1.00426
740103,1.05932
740104,1.02
740107,1.01569
740108,0.9305
740109,0.95851
740110,0.99567
740111,0.9913
740114,0.97368
740115,1.03604
740116,1.03478
740117,0.98319
740118,0.95299
740121,1.00897
740122,1.00889
740123,0.96476
740124,1.05023
740125,1.01304
740128,1.01717
740129,1.01266
740130,1.02083
740131,0.97925
740201,0.9661
740204,0.98246
740205,1.00893
740206,1
740207,0.99115
740208,0.99107
740211,0.97297
740212,1.02778
740213,1.01802
740214,0.97345
740215,1.01364
740219,1.00897
740220,1.00444
740221,1.00442
740222,1.02203
740225,0.97414
740226,0.99558
740227,0.99111
740228,1.00897
740301,0.99556
740304,0.99554
740305,1.03139
740306,1
740307,0.98696
740308,1.00881
740311,1.03057
740312,0.98305
740313,1.03448
740314,0.9875
740315,1.00422
740318,0.9916
740319,0.97458
740320,0.99565
740321,1
740322,0.9869
740325,1.03097
740326,1.00429
740327,0.97863
740328,0.98253
740329,0.99556
740401,1
740402,0.99554
740403,0.99103
740404,1.01357
740405,0.99107
740408,0.98649
740409,1.00457
740410,1
740411,0.98636
740415,0.99539
740416,1.02315
740417,1
740418,1.00905
740419,1.00448
740422,0.98661
740423,1.0181
740424,0.97333
740425,0.99087
740426,1.00922
740429,1.0137
740430,0.9955
740501,1.0362
740502,0.97333
740503,1.0137
740506,0.98198
740507,1.00917
740508,0.98636
740509,1.01382
740510,0.96364
740513,0.99528
740514,0.99526
740515,1.00476
740516,0.97156
740517,0.99024
740520,0.99015
740521,1.01493
740522,0.9902
740523,0.9901
740524,1.015
740528,0.99507
740529,0.9901
740530,1.01
740531,1.0198
740603,1.04854
740604,0.98148
740605,0.99528
740606,1.02844
740607,1.00922
740610,1.00457
740611,0.97273
740612,1.00935
740613,0.99537
740614,0.96744
740617,0.98077
740618,1
740619,1.0049
740620,0.99512
740621,0.9902
740624,0.99505
740625,1.01493
740626,0.98039
740627,1.01
740628,0.99505
740701,0.99502
740702,0.995
740703,0.99497
740705,1.0101
740708,0.965
740709,0.98446
740710,0.99474
740711,1.01058
740712,1.04188
740715,1.0201
740716,0.9803
740717,1
740718,0.99497
740719,0.98485
740722,1.03077
740723,1.03483
740724,1.04808
740725,0.97706
740726,0.98122
740729,1.00478
740730,0.98095
740731,1.00971
740801,0.97596
740802,0.98995
740805,1.01015
740806,1.0201
740807,1.01478
740808,0.99029
740809,1
740812,0.98039
740813,1.02
740814,0.98039
740815,0.99
740816,0.9899
740819,0.9949
740820,1
740821,0.99487
740822,0.98969
740823,0.98437
740826,0.98413
740827,0.99462
740828,0.98919
740829,0.98907
740830,1.01657
740903,0.99457
740904,0.97268
740905,1.03371
740906,1.0163
740909,0.97861
740910,0.98907
740911,0.98343
740912,0.98876
740913,1
740916,0.99432
740917,1.01143
740918,1.00565
740919,1.03933
740920,0.96757
740923,1
740924,0.98324
740925,1
740926,0.97727
740927,1
740930,0.98837
741001,0.98235
741002,0.98802
741003,0.97576
741004,1.06832
741007,1.05814
741008,0.97802
741009,1.03371
741010,0.98913
741011,1.00549
741014,1.00546
741015,0.98913
741016,0.99451
741017,1.00552
741018,1.02198
741021,1.03226
741022,0.99479
741023,0.94241
741024,1
741025,1.01667
741028,1.02186
741029,1.03743
741030,1.00412
741031,0.95789
741101,1.00549
741104,0.97268
741105,1.03371
741106,0.97283
741107,0.99441
741108,0.98876
741111,1.01136
741112,0.97753
741113,0.97701
741114,1.03529
741115,0.97727
741118,0.96512
741119,0.98795
741120,0.9939
741121,1
741122,1.0184
741125,0.99398
741126,1
741127,1.01212
741129,1.02994
741202,0.97674
741203,0.99405
741204,0.98802
741205,0.99394
741206,1
741209,1.0061
741210,1.01818
741211,1.0119
741212,1.01765
741213,1.01156
741216,1
741217,1.00571
741218,0.98295
741219,0.96532
741220,0.99401
741223,0.96988
741224,1.03106
741226,0.98795
741227,1.01829
741230,1
741231,1
750102,1.06587
750103,1.03371
750106,1.02717
750107,1.00529
750108,0.96842
750109,1.04348
750110,1.01563
750113,0.97949
750114,0.97382
750115,0.98925
750116,0.99457
750117,1.00546
750120,1.01087
750121,1.01613
750122,1.01587
750123,1.01563
750124,1
750127,1.02051
750128,1.01508
750129,1.02475
750130,0.99034
750131,1.02439
750203,0.99524
750204,1.03902
750205,0.97183
750206,0.98068
750207,0.9803
750210,0.98995
750211,1.01523
750212,1.01
750213,0.9901
750214,1
750218,1.005
750219,1.02985
750220,1.02415
750221,1.00943
750224,0.98131
750225,0.95714
750226,1.00995
750227,1.01478
750228,1.01456
750303,1.01435
750304,1
750305,1
750306,0.98585
750307,0.99043
750310,1.01932
750311,0.99052
750312,0.97608
750313,0.9951
750314,1.0197
750317,0.98551
750318,1
750319,1
750320,0.97059
750321,1
750324,0.9697
750325,1.00521
750326,1.01554
750327,1.0102
750331,0.97475
750401,1.01036
750402,0.98462
750403,0.98958
750404,0.98947
750407,1
750408,1.0266
750409,1.01554
750410,0.9949
750411,0.98462
750414,1.01563
750415,0.99487
750416,1.02062
750417,1.0101
750418,0.985
750421,1.00508
750422,0.94949
750423,1.01064
750424,1.02105
750425,1.00515
750428,0.98462
750429,1.01563
750430,1.00513
750501,0.98437
750502,0.99471
750505,1.01596
750506,0.99476
750507,1.01053
750508,1
750509,1.03646
750512,0.98995
750513,1.01523
750514,0.99
750515,1.00505
750516,0.98492
750519,0.9949
750520,0.97949
750521,1.02094
750522,0.99487
750523,1
750527,0.99485
750528,1.01554
750529,1.03571
750530,1.0197
750602,1.01449
750603,0.99524
750604,0.99522
750605,0.99519
750606,1
750609,0.99517
750610,0.99515
750611,1
750612,1
750613,1.01463
750616,1.02404
750617,0.98592
750618,1
750619,1.01429
750620,1.02347
750623,1.00917
750624,0.99545
750625,0.99087
750626,0.98157
750627,1.00469
750630,0.99533
750701,0.99531
750702,0.99057
750703,1
750707,0.99524
750708,1.00478
750709,0.99524
750710,1.02871
750711,1.0186
750714,1.03196
750715,0.99558
750716,0.99111
750717,0.98655
750718,1
750721,1
750722,0.97273
750723,0.98598
750724,0.9763
750725,1.00971
750728,1.00481
750729,0.99522
750730,1
750731,1
750801,1
750804,0.98039
750805,1
750806,1
750807,1
750808,0.985
750811,0.99492
750812,1.0051
750813,0.98985
750814,0.98974
750815,1.00518
750818,1.01031
750819,0.9949
750820,0.98974
750821,0.98446
750822,1
750825,1.00526
750826,0.99476
750827,1.01053
750828,1.01042
750829,1.00515
750902,0.99487
750903,0.98454
750904,0.99476
750905,0.98947
750908,1.00532
750909,1
750910,1.00529
750911,0.98947
750912,1
750915,1
750916,1
750917,0.99468
750918,1.01604
750919,1.01579
750922,0.98446
750923,1
750924,1.01053
750925,0.98437
750926,1
750929,0.99471
750930,1
751001,0.99468
751002,1.0107
751003,1.01587
751006,0.99479
751007,0.99476
751008,1
751009,0.98421
751010,1.00535
751013,1.01064
751014,1.00526
751015,0.99476
751016,1.02105
751017,1.00515
751020,1.01026
751021,1.01015
751022,1.00503
751023,0.98
751024,0.9949
751027,0.99487
751028,1.00515
751029,0.97949
751030,1.01047
751031,1.01554
751103,0.97449
751104,1.01604
751105,0.99474
751106,0.98942
751107,0.98396
751110,1.01087
751111,1.00538
751112,1.00535
751113,0.99468
751114,0.99465
751117,1.01075
751118,0.98936
751119,0.98925
751120,0.98913
751121,1.00549
751124,1.01093
751125,1.02162
751126,1.01058
751128,1.00524
751201,0.99479
751202,0.99476
751203,0.98421
751204,1.0107
751205,0.98413
751208,1.01613
751209,0.97884
751210,1.00541
751211,0.98925
751212,0.99457
751215,1.00546
751216,1.01087
751217,1
751218,0.99462
751219,1
751222,0.99459
751223,0.98913
751224,1.01648
751226,1.01622
751229,1.00532
751230,0.98942
751231,1
760102,1.02139
760105,1.04712
760106,1.015
760107,1
760108,1.00493
760109,0.9902
760112,1.0099
760113,0.9951
760114,1
760115,0.99507
760116,1
760119,1.01485
760120,1.00488
760121,1.01456
760122,1
760123,1
760126,1.01914
760127,1
760128,1.00939
760129,1.00465
760130,0.99057
760202,0.99524
760203,0.98565
760204,1
760205,0.99515
760206,1
760209,1.00488
760210,1.00971
760211,0.99519
760212,0.99034
760213,0.97561
760217,1
760218,1.01
760219,1.02475
760220,0.98068
760223,1.00493
760224,1
760225,0.9902
760226,0.9901
760227,1
760301,0.995
760302,1.00503
760303,0.995
760304,0.98995
760305,1.00508
760308,1.0101
760309,1.005
760310,1.00498
760311,1
760312,0.99505
760315,0.99502
760316,1.01
760317,0.9901
760318,1.005
760319,0.99502
760322,1.005
760323,1.0199
760324,1.03415
760325,1.00472
760326,1.00469
760329,1
760330,0.99533
760331,1.00469
760401,0.96729
760402,1.00483
760405,1.01923
760406,1
760407,0.99057
760408,0.98571
760409,0.99034
760412,0.99512
760413,1
760414,0.9951
760415,1
760419,1.00493
760420,1.02941
760421,1.00952
760422,1.00472
760423,0.99531
760426,1
760427,1.00943
760428,1.01869
760429,1.00459
760430,1.01826
760503,0.99552
760504,1.0045
760505,0.99103
760506,0.99078
760507,1
760510,1.0093
760511,1.00922
760512,0.99543
760513,0.98624
760514,1
760517,1
760518,0.9814
760519,1.00474
760520,1.01415
760521,1
760524,0.97209
760525,1
760526,1
760527,1.00478
760528,0.99524
760601,1
760602,1.00478
760603,1.00952
760604,0.99528
760607,1.00474
760608,1
760609,1.00943
760610,1.01402
760611,1
760614,1.00922
760615,0.99087
760616,0.99539
760617,1.00926
760618,1
760621,1.00917
760622,0.99091
760623,1
760624,1.00459
760625,1.0137
760628,1.0045
760629,1
760630,1.00897
760701,0.98222
760702,1.00452
760706,1.0045
760707,1
760708,1.00897
760709,0.99111
760712,1
760713,1.00448
760714,0.99554
760715,0.98655
760716,1
760719,1.00909
760720,1
760721,0.99099
760722,0.99545
760723,1.00913
760726,1
760727,1.00905
760728,1
760729,0.99543
760730,0.99541
760802,1
760803,1.01382
760804,1.00455
760805,1
760806,0.99548
760809,1
760810,1.00455
760811,1
760812,0.98643
760813,1
760816,0.99541
760817,0.99539
760818,1
760819,1
760820,0.99074
760823,0.99065
760824,1.00472
760825,0.99531
760826,1
760827,1.00472
760830,1.00939
760831,1
760901,1.00465
760902,1
760903,0.99537
760907,1.00465
760908,1.01389
760909,0.99543
760910,1.00459
760913,0.99543
760914,1
760915,1.00459
760916,1.0137
760917,1
760920,1.00901
760921,1.02232
760922,0.98253
760923,1.00444
760924,1
760927,1.00885
760928,0.98246
760929,1
760930,1.00446
761001,0.98667
761004,1.0045
761005,0.99552
761006,1
761007,0.99099
761008,0.98636
761011,0.98618
761012,0.98598
761013,1.01422
761014,0.98598
761015,1.00474
761018,1.00472
761019,0.99531
761020,1
761021,1
761022,1.00943
761025,1
761026,1.01869
761027,1.01376
761028,0.99095
761029,0.99543
761101,1.01376
761103,0.9819
761104,0.99061
761105,0.98578
761108,0.98558
761109,1.00976
761110,0.99034
761111,1.00488
761112,0.98544
761115,0.99507
761116,1.01485
761117,1.00488
761118,1.01456
761119,1.00478
761122,1.00476
761123,0.98578
761124,1
761126,1.01442
761129,0.99052
761130,0.99522
761201,0.99519
761202,1.00483
761203,1.02404
761206,1.00939
761207,0.99535
761208,0.99533
761209,1.00939
761210,0.99535
761213,1.01869
761214,1.00459
761215,0.99087
761216,1.00461
761217,1.00459
761220,0.99543
761221,0.99083
761222,1.01389
761223,0.99543
761227,1.01835
761228,0.9955
761229,0.99095
761230,1.00457
761231,1.00909
770103,0.99099
770104,0.99545
770105,0.99543
770106,1
770107,1.01376
770110,1.00905
770111,0.99552
770112,0.9955
770113,1.00452
770114,1
770117,1.00901
770118,0.99554
770119,1.01345
770120,1
770121,0.99558
770124,1.03111
770125,1.01293
770126,1
770127,0.97872
770128,1.01739
770131,1.01282
770201,1.01266
770202,0.99167
770203,0.98291
770204,1
770207,0.99565
770208,0.99127
770209,0.99119
770210,0.99556
770211,0.98661
770214,1.00905
770215,1.00448
770216,0.99554
770217,0.99103
770218,1.00905
770222,1.00448
770223,0.98661
770224,0.99548
770225,1.00909
770228,1
770301,1.01351
770302,0.99111
770303,1.01345
770304,0.99115
770307,1
770308,0.99107
770309,0.9955
770310,1.01357
770311,0.99107
770314,1.0045
770315,0.99552
770316,1.0045
770317,0.99552
770318,1.0045
770321,0.98655
770322,0.98636
770323,0.97696
770324,0.99057
770325,1
770328,1
770329,1.01429
770330,1.00469
770331,0.99065
770401,1.01415
770404,0.99535
770405,1.00935
770406,0.98611
770407,1.00939
770411,1
770412,1.00465
770413,0.99537
770414,1
770415,0.99535
770418,1
770419,0.99533
770420,0.99531
770421,1
770422,0.99528
770425,0.99526
770426,1
770427,1.00952
770428,1.00472
770429,1.00939
770502,1
770503,1.0093
770504,1.00461
770505,0.99533
770506,0.99531
770509,1
770510,1
770511,1.00472
770512,1
770513,1
770516,1
770517,1
770518,1.00469
770519,1.00935
770520,0.99537
770523,0.98605
770524,1
770525,0.98585
770526,1.01435
770527,0.99057
770531,1.00476
770601,1.00474
770602,1
770603,1.00472
770606,0.99061
770607,1
770608,1.00474
770609,1.00472
770610,1.01408
770613,1.03704
770614,1
770615,0.99107
770616,1.00901
770617,1
770620,1.01339
770621,1.01762
770622,1
770623,1.00866
770624,1.00429
770627,0.99145
770628,0.97845
770629,1.00881
770630,1.01747
770701,1
770705,1.00429
770706,0.99573
770707,1.01288
770708,0.99576
770711,1
770712,1.01277
770713,1.01261
770715,0.9917
770718,1.00837
770719,1.00415
770720,1
770721,1
770722,1.00826
770725,0.9877
770726,0.9834
770727,0.98312
770728,1.01288
770729,1.01695
770801,1.00417
770802,1.0083
770803,0.99177
770804,0.99156
770805,0.99574
770808,0.99573
770809,1.00429
770810,1.00427
770811,0.98723
770812,0.99138
770815,1.00435
770816,0.99567
770817,0.99565
770818,0.99127
770819,0.98238
770822,0.98206
770823,1.00457
770824,1.01818
770825,0.98661
770826,0.99548
770829,1.01364
770830,0.99103
770831,1.00452
770901,1
770902,1.00901
770906,1
770907,0.99554
770908,1
770909,1
770912,1.00448
770913,1.01339
770914,1.00441
770915,0.99561
770916,1.00881
770919,0.99563
770920,1
770921,0.98684
770922,1
770923,1
770926,1
770927,0.99556
770928,0.99554
770929,1
770930,1.00897
771003,1.01333
771004,0.99561
771005,1
771006,0.99559
771007,0.99558
771010,1.00444
771011,0.99558
771012,0.98222
771013,1.00452
771014,1.00901
771017,0.98661
771018,1.00452
771019,0.9955
771020,1.00452
771021,0.9955
771024,0.99548
771025,0.97273
771026,1.00935
771027,1.00463
771028,1.02765
771031,0.98206
771101,0.99543
771102,1.00935
771103,1
771104,1.01852
771107,0.98182
771108,1.00463
771109,1.01843
771110,1
771111,1.00905
771114,0.99103
771115,0.99548
771116,0.99091
771117,0.99541
771118,1.00461
771121,0.99083
771122,1.00463
771123,1.00922
771125,1
771128,1
771129,0.99087
771130,1.00922
771201,0.99087
771202,1
771205,0.99539
771206,0.99537
771207,1
771208,0.99535
771209,1.01402
771212,1.00461
771213,0.99083
771214,0.99537
771215,0.9907
771216,1.00939
771219,1
771220,0.98605
771221,1.01415
771222,1
771223,1.01395
771227,1.00459
771228,1.0137
771229,0.99099
771230,1.00909
780103,0.99099
780104,0.98182
780105,0.99537
780106,0.99535
780109,0.99065
780110,0.99528
780111,1
780112,1.00474
780113,1
780116,1
780117,0.99528
780118,0.99052
780119,1
780120,1.00478
780123,0.99524
780124,0.99522
780125,1
780126,0.99519
780127,0.99517
780130,1.00971
780131,1.00962
780201,1.00476
780202,1.00966
780203,0.99522
780206,1.00481
780207,1.00957
780208,1
780209,0.99526
780210,0.99524
780213,1
780214,0.99043
780215,0.98551
780216,1.0049
780217,0.99512
780221,0.9902
780222,1
780223,1
780224,1.00495
780227,1.00493
780228,1
780301,1.0098
780302,1
780303,1.00485
780306,1
780307,0.99517
780308,1
780309,0.99515
780310,1.01463
780313,1
780314,1.01442
780315,0.99526
780316,1
780317,1.02857
780320,0.99074
780321,0.99065
780322,0.99057
780323,0.99048
780327,1.00481
780328,1.00957
780329,0.99052
780330,1.00478
780331,0.98571
780403,0.99034
780404,1
780405,1
780406,1
780407,1
780410,0.99512
780411,1
780412,1
780413,1.0049
780414,1.01463
780417,1.02404
780418,0.98122
780419,1.00478
780420,1.01429
780421,0.99531
780424,1.00943
780425,0.99533
780426,1
780427,0.97653
780428,0.99519
780501,1
780502,1.00483
780503,0.98558
780504,0.99502
780505,1.005
780508,0.99502
780509,1
780510,1.005
780511,0.99005
780512,1.00503
780515,1
780516,1.005
780517,0.99502
780518,0.995
780519,0.99497
780522,1.00505
780523,1
780524,0.98995
780525,1
780526,1
780530,1
780531,1
780601,0.99492
780602,0.9949
780605,1.01538
780606,1.0101
780607,1
780608,0.995
780609,1.01005
780612,1
780613,1.01493
780614,0.9902
780615,1
780616,0.98515
780619,1.00503
780620,0.99
780621,1
780622,1
780623,0.99495
780626,0.97462
780627,0.99479
780628,1
780629,1.00524
780630,1
780703,1
780705,0.98437
780706,1
780707,1.01058
780710,0.99476
780711,1.05263
780712,1.005
780713,1.02488
780714,1.02427
780717,0.99052
780718,0.98086
780719,1.00488
780720,0.97573
780721,1.04478
780724,0.98095
780725,1.02913
780726,0.98585
780727,0.99522
780728,0.97596
780731,0.98522
780801,1.015
780802,1.00985
780803,0.98507
780804,1.06061
780807,0.96667
780808,0.99015
780809,0.99502
780810,1
780811,1.03
780814,1.02427
780815,1
780816,0.98578
780817,0.98558
780818,1.00976
780821,1.00483
780822,0.99519
780823,0.96618
780824,1
780825,0.99
780828,0.99495
780829,0.99492
780830,1.0051
780831,0.99492
780901,1.01531
780905,1.00503
780906,1
780907,0.985
780908,1.00508
780911,1.00505
780912,1
780913,0.99497
780914,1.00505
780915,0.98492
780918,1.0051
780919,1
780920,1.00508
780921,0.99495
780922,1.01015
780925,0.99497
780926,1.00505
780927,0.98995
780928,1.00508
780929,1
781002,0.9899
781003,1.0051
781004,1.01015
781005,1.01508
781006,0.9901
781009,1.01
781010,1
781011,1.01485
781012,0.99512
781013,0.9951
781016,0.97537
781017,0.9899
781018,0.97959
781019,0.99479
781020,0.99476
781023,0.97895
781024,1.01075
781025,0.98936
781026,1
781027,0.98387
781030,1.01639
781031,0.99462
781101,1.01105
781102,0.98907
781103,1.03867
781106,0.96277
781107,0.99448
781108,1
781109,1.01667
781110,1.01093
781113,0.98919
781114,0.99454
781115,1.00549
781116,1.00546
781117,1.03804
781120,1.02618
781121,0.97959
781122,1.02083
781124,1.01531
781127,0.98995
781128,0.98477
781129,0.96392
781130,1.02139
781201,1.01571
781204,0.99485
781205,1.02591
781206,1
781207,0.99495
781208,1
781211,1
781212,1
781213,0.97462
781214,1
781215,0.99479
781218,0.97906
781219,1.00535
781220,1.01064
781221,0.99474
781222,1.02646
781226,1.01031
781227,0.9898
781228,0.98969
781229,0.99479
790102,1.00524
790103,1.01042
790104,1.01031
790105,1
790108,0.98469
790109,0.99482
790110,1
790111,1.01042
790112,1.00515
790115,1.00513
790116,0.98469
790117,1.01554
790118,1
790119,0.9949
790122,0.99487
790123,1.01031
790124,1.02041
790125,1.015
790126,1.01478
790129,1
790130,1
790131,0.96117
790201,1
790202,0.98969
790205,0.99479
790206,1.00524
790207,1.00521
790208,1.01554
790209,0.9949
790212,0.99487
790213,1.01031
790214,1.0051
790215,1.01523
790216,0.995
790220,1
790221,0.98995
790222,0.99492
790223,1
790226,1.0051
790227,0.9797
790228,0.99482
790301,1.01042
790302,1
790305,1.01546
790306,1.01015
790307,1
790308,1
790309,1.00503
790312,1
790313,1
790314,1.01
790315,1.0297
790316,1.00962
790319,1.01429
790320,0.98592
790321,0.99048
790322,1.00481
790323,1.00957
790326,0.99052
790327,1.00957
790328,0.99052
790329,0.99043
790330,0.99034
790402,0.99024
790403,1.03448
790404,1.01429
790405,1.01408
790406,1
790409,0.98611
790410,1
790411,0.98592
790412,1
790416,0.99048
790417,1
790418,1
790419,0.99519
790420,1.00483
790423,1.00481
790424,1.02392
790425,1.01869
790426,1
790427,1
790430,0.99541
790501,1.00461
790502,0.99688
790503,0.98592
790504,0.99048
790507,0.98077
790508,1
790509,1
790510,0.9902
790511,0.99505
790514,0.99005
790515,1
790516,1.00503
790517,1.015
790518,1.00985
790521,0.98537
790522,1.01485
790523,0.97561
790524,1.015
790525,1.00493
790529,1.0049
790530,0.99024
790531,1.00493
790601,1
790604,1.0049
790605,1.01463
790606,1.01442
790607,1.01422
790608,1
790611,1
790612,1
790613,0.99533
790614,0.99531
790615,1
790618,1
790619,0.99528
790620,1.01422
790621,1
790622,1
790625,0.99065
790626,0.99528
790627,1.00948
790628,1.03286
790629,1.00455
790702,0.99095
790703,1.00913
790705,1.00905
790706,1.01794
790709,1.01762
790710,1.01732
790711,0.97447
790712,0.98253
790713,0.98222
790716,1.01357
790717,1
790718,0.99107
790719,1.01351
790720,0.99556
790723,0.98661
790724,1.0181
790725,1.01333
790726,0.99561
790727,0.99559
790730,0.99115
790731,1.01786
790801,0.99263
790802,0.99099
790803,1.01818
790806,1.00893
790807,1.00442
790808,0.98678
790809,0.99107
790810,0.9955
790813,1
790814,1.00452
790815,0.99099
790816,1
790817,1.02727
790820,1
790821,0.99115
790822,1.01339
790823,1
790824,1.00881
790827,1.02183
790828,1.00427
790829,0.99574
790830,1
790831,0.99573
790904,0.97854
790905,0.98684
790906,1.00889
790907,1.03084
790910,1.00855
790911,0.99153
790912,1
790913,0.98718
790914,1
790917,1
790918,0.99134
790919,1.00873
790920,1.06061
790921,1
790924,0.97143
790925,1
790926,1.0084
790927,1.00833
790928,0.99174
791001,0.99167
791002,1.02101
791003,1.00823
791004,1.01224
791005,1.02016
791008,0.98814
791009,0.956
791010,0.99163
791011,0.99156
791012,0.99149
791015,1.00429
791016,1
791017,1
791018,1.02137
791019,0.98745
791022,0.99153
791023,0.97863
791024,1.01747
791025,0.98712
791026,0.97391
791029,0.99107
791030,1.02847
791031,0.99554
791101,1.01345
791102,0.99558
791105,0.99111
791106,0.99552
791107,0.97748
791108,1.01382
791109,1.01818
791112,1.05804
791113,1.00422
791114,1.0042
791115,1.00418
791116,1
791119,1.0125
791120,0.99177
791121,0.97925
791123,1.02119
791126,1.0249
791127,0.97976
791128,1.00413
791129,0.99588
791130,0.98347
791203,1
791204,1.0042
791205,0.99163
791206,1
791207,0.98734
791210,1
791211,0.99145
791212,1.00431
791213,0.99142
791214,1.00866
791217,1.02575
791218,0.98745
791219,1.00847
791220,1.0042
791221,0.98326
791224,0.99574
791226,1.00855
791227,0.99576
791228,0.99574
791231,0.98718
800102,0.9697
800103,0.99554
800104,0.99552
800107,1.00901
800108,1.01339
800109,0.98238
800110,1
800111,1.04036
800114,1.05172
800115,1.0082
800116,1
800117,1.0122
800118,1.03614
800121,1.03876
800122,0.99627
800123,1.04494
800124,1.01075
800125,1
800128,1.04255
800129,0.98639
800130,1.0131
800131,0.9654
800201,1.02509
800204,1.0035
800205,0.99652
800206,1.04895
800207,1.03333
800208,1.05161
800211,0.95706
800212,1.00641
800213,0.96815
800214,0.97368
800215,1.02365
800219,0.9934
800220,1.04319
800221,0.98726
800222,1.03226
800225,1
800226,1.00313
800227,1.01246
800228,1.00308
800229,0.99387
800303,0.97531
800304,1.02532
800305,0.98765
800306,0.94063
800307,0.98339
800310,0.99324
800311,1.01361
800312,1.01342
800313,0.94702
800314,1
800317,0.92308
800318,1.07576
800319,1.01408
800320,0.94444
800321,1.01838
800324,0.97473
800325,0.97037
800326,0.96183
800327,1.04762
800328,1.01136
800331,0.99625
800401,0.97744
800402,1.01154
800403,0.9962
800407,0.96565
800408,1.03557
800409,1.05344
800410,1.00362
800411,0.99639
800414,0.98188
800415,1.00369
800416,0.98162
800417,1
800418,0.97753
800421,1.02682
800422,1.04104
800423,1
800424,1.00358
800425,1.00714
800428,1.01418
800429,1.00699
800430,0.99931
800501,0.98233
800502,0.9964
800505,1.00361
800506,1
800507,1.01439
800508,0.98582
800509,0.97842
800512,0.97059
800513,1.01515
800514,1
800515,1.00373
800516,1
800519,1.00743
800520,0.98155
800521,1.0188
800522,1.00738
800523,1.01465
800527,1.02888
800528,1.01754
800529,0.97586
800530,1.00707
800602,1
800603,1.00702
800604,1.01394
800605,0.98282
800606,1.0035
800609,1.02439
800610,1.01701
800611,1.01338
800612,0.9868
800613,0.98997
800616,1
800617,0.98986
800618,1.01365
800619,0.9697
800620,1.00694
800623,1.01724
800624,1.00339
800625,1.01689
800626,1
800627,0.99336
800630,0.98328
800701,1.0102
800702,0.99327
800703,1.02712
800707,1.0165
800708,0.98377
800709,1.0033
800710,0.96053
800711,1.0137
800714,1.01351
800715,0.99333
800716,0.99664
800717,1.0202
800718,0.9868
800721,1.01003
800722,1.00662
800723,1.03618
800724,0.99365
800725,0.95847
800728,1.00667
800729,1.00993
800730,0.97311
800731,0.99315
800801,0.99655
800804,0.99654
800805,1.00347
800806,1.01384
800807,1.02389
800808,1.00333
800811,1.00332
800812,0.97351
800813,1.0068
800814,1.02703
800815,1
800818,0.98684
800819,0.97667
800820,1.02389
800821,1.00333
800822,1.01993
800825,0.98697
800826,1.0033
800827,0.99671
800828,0.9769
800829,1.01014
800902,1
800903,1.0301
800904,0.97727
800905,0.99668
800908,0.98
800909,0.9966
800910,1.02389
800911,0.99667
800912,0.97324
800915,0.97251
800916,0.98587
800917,1.00358
800918,0.98571
800919,0.99638
800922,1.01818
800923,1.01071
800924,1.02827
800925,0.98625
800926,1.01742
800929,0.9726
800930,1.01408
801001,1.02778
801002,1
801003,0.97973
801006,1.02759
801007,0.98658
801008,1.0102
801009,0.98316
801010,1.0137
801013,1.02703
801014,1.00329
801015,1.02951
801016,1
801017,0.98726
801020,1.05161
801021,0.97853
801022,1.00313
801023,0.98437
801024,1.00952
801027,0.97799
801028,1.00064
801029,1.01634
801030,0.96785
801031,1.02326
801103,1.00974
801105,1.02572
801106,0.97806
801107,0.99679
801110,0.99357
801111,1.0356
801112,1.05
801113,1.04464
801114,1.0114
801117,1.00845
801118,1.03631
801119,0.98383
801120,1.07945
801121,0.9797
801124,0.98964
801125,1.03665
801126,1.02273
801128,1.0642
801201,0.93503
801202,1.01489
801203,0.98044
801204,0.96259
801205,0.9715
801208,0.968
801209,1.03306
801210,0.976
801211,1
801212,1.02732
801215,1.00266
801216,1.02653
801217,1.06977
801218,0.94686
801219,1.01786
801222,1.00251
801223,0.9725
801224,1.01285
801226,1.00761
801229,0.97229
801230,0.98964
801231,1.00524
810102,1.02344
810105,0.98728
810106,0.97423
810107,0.98413
810108,0.97312
810109,1.01105
810112,1.00546
810113,0.99185
810114,1.0137
810115,1.00541
810116,0.98925
810119,0.99185
810120,0.96438
810121,1.00852
810122,0.98028
810123,1.01149
810126,0.95739
810127,1.03264
810128,0.97759
810129,0.99701
810130,0.96707
810202,1
810203,1.03715
810204,0.98209
810205,0.99392
810206,0.98471
810209,0.98447
810210,1.01577
810211,0.98137
810212,1.00949
810213,0.99687
810217,1.00629
810218,1
810219,0.975
810220,1.00321
810223,0.98722
810224,0.99676
810225,1
810226,1.01299
810227,1.02244
810302,1.02821
810303,0.96341
810304,0.97785
810305,0.98058
810306,0.9901
810309,1.00667
810310,0.99007
810311,0.99666
810312,1.02685
810313,1
810316,1.00654
810317,0.98377
810318,0.967
810319,0.96587
810320,1.01413
810323,1.04181
810324,0.98328
810325,1.01701
810326,0.98997
810327,0.98649
810330,1
810331,1.02397
810401,1
810402,0.99331
810403,0.99663
810406,0.98649
810407,1
810408,1.00685
810409,0.9932
810410,0.98288
810413,0.98606
810414,1.01767
810415,1.00694
810416,0.98966
810420,1.00697
810421,0.97578
810422,0.98936
810423,0.98566
810424,1.02545
810427,1.00709
810428,1.02817
810429,1.0137
810430,1.00676
810501,0.99329
810504,0.99324
810505,1.01361
810506,0.9953
810507,1.01718
810508,0.99324
810511,0.96939
810512,1.01404
810513,0.98962
810514,1.00699
810515,0.99653
810518,1
810519,0.99303
810520,0.99298
810521,0.9894
810522,1.00714
810526,1.02128
810527,0.99306
810528,0.98601
810529,0.97872
810601,0.99275
810602,0.9927
810603,1
810604,0.99632
810605,1.01107
810608,1.0073
810609,1.00725
810610,1.01079
810611,0.99644
810612,0.97857
810615,0.9927
810616,0.99265
810617,1.03333
810618,0.99283
810619,1.00722
810622,0.98566
810623,1.02182
810624,0.98221
810625,1.02536
810626,0.9894
810629,1.01071
810630,1
810701,0.9894
810702,0.98571
810706,0.99638
810707,1.01455
810708,1.01075
810709,0.99291
810710,1.00357
810713,1.00712
810714,1.00353
810715,1.01408
810716,0.99306
810717,1
810720,0.9965
810721,0.98596
810722,1.00712
810723,1.00707
810724,1.02105
810727,1.01718
810728,1
810729,0.99189
810730,1.00694
810731,1
810803,0.99655
810804,1.00346
810805,1.02414
810806,0.98653
810807,1
810810,1.01024
810811,1.03378
810812,1.00654
810813,1.02273
810814,0.99365
810817,0.98722
810818,0.99353
810819,1.00326
810820,1.00325
810821,0.98382
810824,0.95724
810825,1.01031
810826,1.0034
810827,0.98305
810828,1.01034
810831,0.99317
810901,1.00687
810902,1
810903,0.98294
810904,0.99653
810908,0.98258
810909,0.98936
810910,1.02151
810911,1.02456
810914,0.98288
810915,0.98606
810916,0.99647
810917,0.98582
810918,0.99281
810921,1.00362
810922,0.99278
810923,0.99636
810924,0.97445
810925,0.97378
810928,1.01923
810929,1
810930,0.99623
811001,1.01136
811002,1.03745
811005,1
811006,0.97834
811007,0.99262
811008,1.01115
811009,0.98529
811012,0.99627
811013,0.99625
811014,0.98496
811015,0.99618
811016,0.98084
811019,1.00391
811020,1.00778
811021,0.99228
811022,1.01167
811023,0.98846
811026,1.01556
811027,1.00383
811028,0.99219
811029,1
811030,1.02362
811102,1
811103,1
811104,0.99615
811105,1
811106,0.98842
811109,0.99609
811110,0.99608
811111,1.00787
811112,1.01563
811113,0.99615
811116,1.00772
811117,1.01149
811118,1.00758
811119,1.0188
811120,1.02952
811123,0.96774
811124,1.02963
811125,1
811127,0.9964
811130,1
811201,1.00361
811202,0.99281
811203,0.99638
811204,1.00364
811207,1.00725
811208,0.98921
811209,1.00364
811210,1
811211,1.00362
811214,0.98917
811215,1.00365
811216,0.99636
811217,0.99635
811218,0.99634
811221,1.00735
811222,0.9854
811223,0.9963
811224,0.99628
811228,0.99627
811229,0.98876
811230,1.00379
811231,0.99623
820104,1.00379
820105,0.98491
820106,0.98084
820107,1.01172
820108,0.98842
820111,1
820112,0.99609
820113,0.98824
820114,1
820115,1.0119
820118,0.99608
820119,0.98425
820120,0.98
820121,1.00408
820122,0.9878
820125,1.00412
820126,1.0123
820127,1
820128,0.99595
820129,1.02439
820201,0.98413
820202,0.99194
820203,0.99167
820204,1.01261
820205,1.00415
820208,0.9876
820209,1.02092
820210,1.0041
820211,0.99184
820212,1
820216,0.98765
820217,1.00417
820218,1.00415
820219,1.01653
820222,0.97967
820223,1
820224,1.01245
820225,0.9959
820226,1.00823
820301,1
820302,0.99592
820303,0.97541
820304,0.9916
820305,1
820308,1.00424
820309,1.0211
820310,1.00826
820311,1.0082
820312,0.99187
820315,1.0041
820316,1.00816
820317,0.98381
820318,1
820319,0.98354
820322,1.01674
820323,1.00823
820324,0.97959
820325,1.00417
820326,0.98755
820329,1
820330,1.0084
820331,0.99167
820401,1.01681
820402,1
820405,0.99174
820406,1.00417
820407,0.98755
820408,1.0042
820412,1
820413,1
820414,1.00418
820415,1
820416,1.00417
820419,0.9917
820420,0.99582
820421,0.9916
820422,1.01271
820423,1.02092
820426,1.0082
820427,0.99593
820428,0.97959
820429,0.9875
820430,0.99578
820503,1.00847
820504,1.01681
820505,1.0124
820506,1.01255
820507,1.02893
820510,0.98394
820511,1.03265
820512,1
820513,0.98419
820514,1
820517,0.97189
820518,0.99174
820519,1
820520,1.00417
820521,1.01245
820524,1
820525,0.9959
820526,0.98354
820527,0.99582
820528,1
820601,0.9958
820602,1.00844
820603,0.99163
820604,0.99578
820607,0.99153
820608,1
820609,0.98291
820610,1.0087
820611,1.01293
820614,0.98298
820615,1
820616,1
820617,0.99567
820618,0.98696
820621,1.00881
820622,1.00437
820623,1.00435
820624,1.00433
820625,1.01724
820628,0.99576
820629,0.99574
820630,1
820701,0.97863
820702,0.99127
820706,1.00441
820707,1
820708,0.99561
820709,1.00881
820712,0.98253
820713,0.98667
820714,1.03604
820715,0.98261
820716,0.9823
820719,1.0045
820720,1.00448
820721,0.99554
820722,0.99552
820723,0.9955
820726,1
820727,1.01357
820728,0.99107
820729,0.99074
820730,1
820802,1.00467
820803,0.9907
820804,0.99061
820805,1.00948
820806,0.99061
820809,0.99052
820810,1.00478
820811,0.99524
820812,1.00478
820813,1.00476
820816,1
820817,1.04265
820818,0.98182
820819,0.99537
820820,1.03721
820823,1.03587
820824,1.00433
820825,1.02586
820826,0.9916
820827,0.97458
820830,0.98696
820831,0.99559
820901,1.01327
820902,1
820903,1.0393
820907,1
820908,1.0042
820909,1
820910,0.99582
820913,1.0084
820914,0.97917
820915,1.00426
820916,0.98729
820917,0.99142
820920,0.98701
820921,1.00877
820922,1.01304
820923,1.01288
820924,0.97881
820927,1.00433
820928,1
820929,0.99569
820930,1.00433
821001,1.00862
821004,1
821005,1.00427
821006,1.02128
821007,1.00833
821008,0.99174
821011,1.06667
821012,1.03125
821013,1.0303
821014,0.99632
821015,0.97417
821018,1.00758
821019,1.00376
821020,1.02247
821021,0.95971
821022,0.99618
821025,0.9387
821026,1.02449
821027,0.99203
821028,0.97992
821029,1.0041
821101,1.01224
821102,1.02016
821103,1.03557
821104,0.98047
821105,0.99602
821108,0.976
821109,1.01639
821110,0.98387
821111,1.0082
821112,0.98374
821115,0.97521
821116,0.98729
821117,1.06009
821118,1.02429
821119,0.96838
821122,0.98367
821123,0.98755
821124,1.01681
821126,0.99587
821129,0.99585
821130,1.00833
821201,0.99587
821202,0.98755
821203,0.9958
821206,1.01266
821207,0.99167
821208,0.9958
821209,1.01266
821210,1.03333
821213,1.0121
821214,0.97211
821215,0.9959
821216,0.99177
821217,1.00415
821220,1
821221,1.00826
821222,0.9959
821223,0.99588
821227,1.03306
821228,0.992
821229,1.00806
821230,0.984
821231,1.0122
830103,0.98394
830104,1.03673
830105,0.99606
830106,1.00395
830107,0.98031
830110,1.01606
830111,0.98419
830112,1.02008
830113,0.99213
830114,1.00794
830117,1
830118,1.00787
830119,0.98828
830120,1.04348
830121,1
830124,0.9697
830125,1
830126,0.99609
830127,1.00392
830128,1.00391
830131,1.00389
830201,0.99225
830202,0.992
830203,1.02016
830204,1.00395
830207,1.01969
830208,0.99614
830209,0.98837
830210,1.02353
830211,0.98851
830214,0.99612
830215,0.98054
830216,1
830217,1.0119
830218,1.00392
830222,0.96484
830223,1.00405
830224,1.02419
830225,1.01575
830228,0.9845
830301,1.01181
830302,1.02724
830303,1.01136
830304,0.98127
830307,1.01145
830308,0.98113
830309,1.00385
830310,0.99234
830311,1.00386
830314,1.00769
830315,1
830316,1.00382
830317,0.98859
830318,0.99231
830321,0.99612
830322,0.97665
830323,1.00398
830324,1
830325,1.00397
830328,0.98814
830329,1.004
830330,1.0239
830331,1.02724
830404,1.00758
830405,0.98496
830406,0.99237
830407,1.00385
830408,1.01533
830411,1.01132
830412,1
830413,1.01119
830414,1.00369
830415,1
830418,1.01103
830419,1
830420,1.00727
830421,0.99278
830422,0.99273
830425,1.01099
830426,1.02174
830427,1.00355
830428,1.01767
830429,1.00694
830502,1.00345
830503,1
830504,0.98969
830505,1.00694
830506,1.00345
830509,0.99313
830510,1
830511,1.01767
830512,0.97569
830513,0.99644
830516,1.00357
830517,1.00356
830518,0.99291
830519,0.99286
830520,0.98921
830523,1.01818
830524,1.00357
830525,0.99644
830526,1.00357
830527,0.98221
830531,0.98913
830601,0.99634
830602,0.97794
830603,1.02632
830606,1.00366
830607,0.9781
830608,0.99627
830609,0.99625
830610,1.01128
830613,1.00743
830614,1.01845
830615,0.98913
830616,1.01465
830617,1.02166
830620,1
830621,1.00707
830622,1.00351
830623,0.98601
830624,1.00709
830627,0.99296
830628,0.98936
830629,0.98925
830630,1.00725
830701,1.0036
830705,0.99642
830706,1.02878
830707,0.98951
830708,1
830711,1.00353
830712,0.99648
830713,1.00353
830714,1.00704
830715,0.98252
830718,1.00356
830719,1.00709
830720,1.01761
830721,0.99654
830722,0.99653
830725,1.01742
830726,1.01027
830727,0.99661
830728,0.9932
830729,0.9863
830801,1.01042
830802,1.00687
830803,1.00348
830804,0.99653
830805,0.98955
830808,0.98592
830809,1.01071
830810,1.0106
830811,1
830812,0.99301
830815,1.01056
830816,1.01742
830817,1.0274
830818,1.00333
830819,1.01661
830822,1.01634
830823,0.99035
830824,0.99026
830825,0.98033
830826,1.00334
830829,0.99333
830830,1.00336
830831,1
830901,0.98997
830902,1
830906,1.01689
830907,1.00332
830908,1
830909,1.01656
830912,0.99349
830913,0.97705
830914,1.00336
830915,0.98662
830916,1.00339
830919,1
830920,1.00338
830921,0.98316
830922,1.00685
830923,0.9966
830926,1
830927,0.98976
830928,0.99655
830929,0.99654
830930,1
831003,1
831004,0.98264
831005,0.9894
831006,1.025
831007,0.99652
831010,1.03846
831011,0.9697
831012,1.01389
831013,0.99658
831014,1.01031
831017,1
831018,1.01701
831019,1
831020,1
831021,0.98662
831024,1.01017
831025,0.98993
831026,0.96949
831027,0.98951
831028,1
831031,1.00353
831101,1.00704
831102,1.01429
831103,0.98592
831104,1.01429
831107,1.00704
831108,0.99301
831109,1
831110,1.01056
831111,1.01742
831114,0.9863
831115,0.99306
831116,1.01399
831117,1.0069
831118,0.9863
831121,0.98958
831122,1.01053
831123,0.99653
831125,0.99652
831128,0.99301
831129,1.01761
831130,0.97232
831201,1.00712
831202,1.00707
831205,1.00702
831206,0.97909
831207,1.00356
831208,1.01064
831209,1.02105
831212,0.98969
831213,1
831214,0.98611
831215,1.00352
831216,0.99649
831219,0.99648
831220,0.99647
831221,1.00709
831222,1
831223,0.99296
831227,1.02837
831228,0.9931
831229,1.00694
831230,0.98966
840103,0.98258
840104,1.01064
840105,1.01053
840106,1
840109,1.02431
840110,1.01356
840111,1.01672
840112,1
840113,0.99342
840116,0.99669
840117,1.00997
840118,1
840119,1.00987
840120,0.99674
840123,0.98366
840124,1.00332
840125,0.99669
840126,1
840127,1.00664
840130,1.05611
840131,0.99375
840201,1.00629
840202,1.00955
840203,1.03155
840206,0.97248
840207,0.98742
840208,0.98089
840209,1.02597
840210,1.01582
840213,0.98131
840214,0.99048
840215,1.00962
840216,1.00317
840217,1
840221,0.98418
840222,1.00643
840223,1.00958
840224,1.06329
840227,1.03274
840228,1.00288
840229,1.03448
840301,1.00556
840302,1.03867
840305,0.94947
840306,0.86835
840307,1.0129
840308,0.99045
840309,0.98071
840312,1.00984
840313,1.00974
840314,1.00322
840315,0.99359
840316,0.99677
840319,0.99353
840320,1.00326
840321,1.01623
840322,0.99361
840323,1
840326,1.00322
840327,1
840328,1
840329,1.01282
840330,1
840402,1
840403,0.99051
840404,1.00319
840405,0.98408
840406,0.98706
840409,1.00656
840410,1.01303
840411,1
840412,1.02894
840413,0.99375
840416,1.00629
840417,1.00937
840418,0.99071
840419,1.00313
840423,0.99065
840424,1.01258
840425,0.99689
840426,1.02492
840427,0.98784
840430,0.99385
840501,1.01548
840502,1.01829
840503,1
840504,0.98476
840507,0.99381
840508,1.00312
840509,0.97516
840510,1.00955
840511,1.00315
840514,0.98113
840515,1.00321
840516,1
840517,0.99042
840518,0.99355
840521,0.98701
840522,0.99671
840523,0.9835
840524,0.98322
840525,1.00341
840529,1
840530,0.97279
840531,0.98951
840601,1.00353
840604,0.98592
840605,0.98571
840606,1.00362
840607,1
840608,1.00361
840611,0.9964
840612,0.98195
840613,0.99632
840614,0.98893
840615,0.97761
840618,1.01908
840619,1
840620,1.01498
840621,1.00738
840622,1.00733
840625,0.97455
840626,1.00373
840627,1.00372
840628,1.0037
840629,0.99631
840702,0.9963
840703,1.01115
840705,1
840706,1
840709,1.01838
840710,0.97834
840711,0.99262
840712,1.00372
840713,0.9963
840716,1.00372
840717,1.00741
840718,0.99632
840719,0.98893
840720,0.99627
840723,0.98876
840724,0.97727
840725,1
840726,1.00388
840727,0.99614
840730,0.99225
840731,1.00781
840801,1.03488
840802,1
840803,1.00766
840806,0.9924
840807,1
840808,1.03065
840809,1.03346
840810,1.0036
840813,1.01434
840814,1.0106
840815,0.9965
840816,1.00351
840817,1
840820,1.00699
840821,1
840822,0.99306
840823,0.9965
840824,1
840827,0.99298
840828,1.00707
840829,1.02456
840830,0.9863
840831,1
840904,0.98958
840905,0.98596
840906,1.01779
840907,1
840910,1.01399
840911,1.01379
840912,1
840913,1.02041
840914,0.99333
840917,0.98993
840918,0.98644
840919,1.01718
840920,1
840921,0.97297
840924,1.00347
840925,1.00692
840926,1.02749
840927,1.00334
840928,1.00333
841001,1
841002,0.99003
841003,0.98658
841004,0.9932
841005,0.98288
841008,0.98955
841009,0.99648
841010,0.99647
841011,1.00355
841012,1
841015,1.01413
841016,0.98606
841017,0.96466
841018,1.01099
841019,0.98913
841022,0.98535
841023,0.99628
841024,1.01493
841025,1.01838
841026,0.99639
841029,1.00362
841030,1.01805
841031,0.98188
841101,1.01107
841102,1.00365
841105,1.01818
841106,1
841107,0.99643
841108,1.00358
841109,0.99286
841112,1
841113,0.97842
841114,1
841115,1.00735
841116,0.9927
841119,0.99632
841120,1.01476
841121,1
841123,0.99636
841126,0.9708
841127,1.00752
841128,0.98881
841129,1.01887
841130,1.01111
841203,0.99267
841204,0.99262
841205,0.99628
841206,1.00373
841207,1
841210,1.00372
841211,0.9963
841212,0.99628
841213,0.99627
841214,1
841217,1.01498
841218,1.01107
841219,0.98175
841220,1
841221,0.99628
841224,1.01866
841226,1.00733
841227,0.99273
841228,1.00366
841231,0.99635
